-- phpMyAdmin SQL Dump
-- version 4.7.0
-- https://www.phpmyadmin.net/
--
-- Host: 127.0.0.1
-- Generation Time: Mar 05, 2018 at 07:46 AM
-- Server version: 10.1.25-MariaDB
-- PHP Version: 7.1.7

SET SQL_MODE = "NO_AUTO_VALUE_ON_ZERO";
SET AUTOCOMMIT = 0;
START TRANSACTION;
SET time_zone = "+00:00";


/*!40101 SET @OLD_CHARACTER_SET_CLIENT=@@CHARACTER_SET_CLIENT */;
/*!40101 SET @OLD_CHARACTER_SET_RESULTS=@@CHARACTER_SET_RESULTS */;
/*!40101 SET @OLD_COLLATION_CONNECTION=@@COLLATION_CONNECTION */;
/*!40101 SET NAMES utf8mb4 */;

--
-- Database: `db_eapi`
--

-- --------------------------------------------------------

--
-- Table structure for table `migrations`
--

CREATE TABLE `migrations` (
  `id` int(10) UNSIGNED NOT NULL,
  `migration` varchar(191) COLLATE utf8mb4_unicode_ci NOT NULL,
  `batch` int(11) NOT NULL
) ENGINE=InnoDB DEFAULT CHARSET=utf8mb4 COLLATE=utf8mb4_unicode_ci;

--
-- Dumping data for table `migrations`
--

INSERT INTO `migrations` (`id`, `migration`, `batch`) VALUES
(1, '2014_10_12_000000_create_users_table', 1),
(2, '2014_10_12_100000_create_password_resets_table', 1),
(3, '2018_03_04_163021_create_products_table', 1),
(4, '2018_03_04_163227_create_reviews_table', 1);

-- --------------------------------------------------------

--
-- Table structure for table `password_resets`
--

CREATE TABLE `password_resets` (
  `email` varchar(128) COLLATE utf8mb4_unicode_ci NOT NULL,
  `token` varchar(191) COLLATE utf8mb4_unicode_ci NOT NULL,
  `created_at` timestamp NULL DEFAULT NULL
) ENGINE=InnoDB DEFAULT CHARSET=utf8mb4 COLLATE=utf8mb4_unicode_ci;

-- --------------------------------------------------------

--
-- Table structure for table `products`
--

CREATE TABLE `products` (
  `id` int(10) UNSIGNED NOT NULL,
  `name` varchar(191) COLLATE utf8mb4_unicode_ci NOT NULL,
  `detail` text COLLATE utf8mb4_unicode_ci NOT NULL,
  `price` int(11) NOT NULL,
  `stock` int(11) NOT NULL,
  `discount` int(11) NOT NULL,
  `created_at` timestamp NULL DEFAULT NULL,
  `updated_at` timestamp NULL DEFAULT NULL
) ENGINE=InnoDB DEFAULT CHARSET=utf8mb4 COLLATE=utf8mb4_unicode_ci;

--
-- Dumping data for table `products`
--

INSERT INTO `products` (`id`, `name`, `detail`, `price`, `stock`, `discount`, `created_at`, `updated_at`) VALUES
(1, 'dolorem', 'Architecto quidem aut quaerat. Quos voluptates quisquam quia vel omnis. Explicabo reprehenderit sit iusto velit.', 915, 3, 5, '2018-03-05 00:41:54', '2018-03-05 00:41:54'),
(2, 'aut', 'Architecto quos consequuntur et voluptatem voluptatem aut maiores saepe. Quo repellendus sequi eaque magnam labore praesentium quibusdam et. Omnis hic nulla amet sunt impedit aut quo saepe.', 935, 2, 12, '2018-03-05 00:41:54', '2018-03-05 00:41:54'),
(3, 'sint', 'Provident et distinctio asperiores est. Nam facilis quas veritatis voluptatum at vitae illum. Occaecati qui velit voluptas suscipit.', 117, 7, 18, '2018-03-05 00:41:54', '2018-03-05 00:41:54'),
(4, 'qui', 'In perspiciatis nesciunt iusto quod nulla eum. Dicta dolor officia necessitatibus ad sint. Mollitia autem non animi enim. Eligendi quae unde maiores qui doloremque a officiis.', 741, 8, 12, '2018-03-05 00:41:54', '2018-03-05 00:41:54'),
(5, 'quia', 'Sed maxime consequatur iusto qui sapiente et. Qui dolorem nemo quisquam ea quaerat. Unde rerum ut non et nisi asperiores.', 113, 1, 20, '2018-03-05 00:41:54', '2018-03-05 00:41:54'),
(6, 'praesentium', 'Nobis voluptatem perspiciatis eligendi consequatur quo eveniet suscipit. Eum ut voluptatem iusto iste quidem amet. Quidem itaque explicabo aut omnis cum alias.', 915, 3, 20, '2018-03-05 00:41:54', '2018-03-05 00:41:54'),
(7, 'dignissimos', 'Debitis ab architecto omnis. Nostrum iusto debitis alias molestiae pariatur minima saepe praesentium. Id provident quo eos voluptatem quis qui eligendi.', 458, 4, 13, '2018-03-05 00:41:54', '2018-03-05 00:41:54'),
(8, 'sint', 'Consequuntur eum voluptatem autem aperiam. Dolore facere harum aut. Tempore deleniti eos aperiam ratione facilis distinctio.', 896, 1, 22, '2018-03-05 00:41:54', '2018-03-05 00:41:54'),
(9, 'sed', 'Assumenda aut rerum quae ut. Voluptatibus veritatis nostrum et culpa voluptatem id. Minima suscipit fuga velit dicta. Dolorum voluptatem qui mollitia minima.', 939, 3, 12, '2018-03-05 00:41:54', '2018-03-05 00:41:54'),
(10, 'exercitationem', 'Aspernatur maxime in cumque laudantium impedit. Dignissimos est aut voluptas voluptatum numquam. Quas veritatis sit rerum consequuntur nihil fuga vel.', 490, 1, 17, '2018-03-05 00:41:55', '2018-03-05 00:41:55'),
(11, 'tenetur', 'Tenetur magni ut explicabo tempora et qui. Atque eius vel corrupti molestias.', 330, 7, 3, '2018-03-05 00:41:55', '2018-03-05 00:41:55'),
(12, 'neque', 'Sunt tenetur minus consequatur voluptatum nam amet. In laudantium repudiandae ut totam ipsa eius atque. Voluptas dicta aut neque tempora voluptatum. Voluptas laudantium quasi sunt aut nulla.', 491, 6, 6, '2018-03-05 00:41:55', '2018-03-05 00:41:55'),
(13, 'est', 'Suscipit distinctio dolores voluptatem maxime optio ea. Dolorem eveniet in et expedita eligendi quisquam. Exercitationem quidem architecto quia in.', 677, 1, 11, '2018-03-05 00:41:55', '2018-03-05 00:41:55'),
(14, 'ipsum', 'Eius sapiente perspiciatis repellendus officiis tenetur fuga ea. Quo quidem doloremque dolor velit nisi quia. Impedit id suscipit fugit aut autem accusantium. Vel doloribus quis in laudantium ab autem dolores.', 464, 8, 14, '2018-03-05 00:41:55', '2018-03-05 00:41:55'),
(15, 'fugiat', 'Quaerat consequuntur ab placeat consequatur et laboriosam est dolor. Voluptate earum et impedit laudantium. Iusto eum consectetur quis similique.', 248, 0, 10, '2018-03-05 00:41:55', '2018-03-05 00:41:55'),
(16, 'quis', 'Optio illum labore at aut est quod. Velit laudantium ducimus sit praesentium. Doloribus voluptatum et rerum enim et.', 160, 8, 13, '2018-03-05 00:41:55', '2018-03-05 00:41:55'),
(17, 'cupiditate', 'Molestiae earum a rerum eligendi cumque dignissimos. Sequi eius odio et atque est qui nulla. Rem dolorem at dolore placeat eos nihil explicabo.', 344, 3, 8, '2018-03-05 00:41:55', '2018-03-05 00:41:55'),
(18, 'enim', 'A incidunt in exercitationem dolor vel fugiat. Totam qui in quia quia reprehenderit reprehenderit autem asperiores. Qui sit et numquam aut maxime quia.', 223, 1, 26, '2018-03-05 00:41:55', '2018-03-05 00:41:55'),
(19, 'aliquid', 'Ut inventore repellendus pariatur voluptatem. Deserunt natus consequatur incidunt aperiam dolores alias ad. Nam deleniti maxime perspiciatis nihil enim dolore eum reprehenderit. Sapiente unde architecto laboriosam ratione laboriosam.', 930, 7, 6, '2018-03-05 00:41:55', '2018-03-05 00:41:55'),
(20, 'tempora', 'Quo consequuntur explicabo quibusdam at expedita. Dolores sit ad cumque ab voluptas libero. Deserunt ut officiis beatae perspiciatis perspiciatis error ex. Vitae adipisci nobis quidem iste.', 321, 6, 12, '2018-03-05 00:41:55', '2018-03-05 00:41:55'),
(21, 'officia', 'Repellat ea nihil eveniet unde et. Qui porro est et possimus dolorem vitae porro natus. Illum odit odio dicta ut maxime porro maiores.', 911, 7, 23, '2018-03-05 00:41:55', '2018-03-05 00:41:55'),
(22, 'voluptatibus', 'Sint aspernatur facilis excepturi incidunt autem et sapiente. Porro voluptates id numquam. Cumque consequatur consequuntur dolorem atque quae architecto iure deleniti.', 961, 6, 16, '2018-03-05 00:41:55', '2018-03-05 00:41:55'),
(23, 'nobis', 'Eius at est nesciunt vel enim iure aperiam. Quia libero quam temporibus nihil. Nostrum iusto modi nisi amet quo. Accusamus itaque omnis accusantium ipsam dignissimos optio eos. Velit rerum cum et quo est veritatis.', 851, 5, 9, '2018-03-05 00:41:55', '2018-03-05 00:41:55'),
(24, 'eum', 'Explicabo natus suscipit beatae sit accusamus. Possimus odio non sit est. Et accusamus iusto consequuntur aut alias dignissimos ab.', 301, 6, 20, '2018-03-05 00:41:55', '2018-03-05 00:41:55'),
(25, 'repudiandae', 'Ipsam odio necessitatibus sequi aliquid perferendis qui. Exercitationem architecto adipisci mollitia vitae doloremque unde. Voluptas aut ut corporis aut.', 153, 1, 27, '2018-03-05 00:41:55', '2018-03-05 00:41:55'),
(26, 'odit', 'Tenetur accusamus est voluptas ut. Repellendus officiis dolor sit voluptas aliquam. Sunt sint rem fugit aut.', 383, 8, 22, '2018-03-05 00:41:56', '2018-03-05 00:41:56'),
(27, 'sed', 'Eum ipsum aut quia dolor velit laudantium quo. Sit expedita deleniti laborum rem. Reprehenderit molestias sunt quo.', 815, 0, 10, '2018-03-05 00:41:56', '2018-03-05 00:41:56'),
(28, 'occaecati', 'Error optio architecto voluptatum molestiae qui porro. Molestiae sint tenetur rerum excepturi vero perspiciatis et non. Dolores fugit labore incidunt quia quidem laborum. Occaecati vero ut illo neque. Aperiam eos et sed vitae atque quia dolor omnis.', 931, 2, 19, '2018-03-05 00:41:56', '2018-03-05 00:41:56'),
(29, 'minima', 'Facere ea tempora incidunt quis et eaque. Dolor corrupti nobis et necessitatibus quibusdam laudantium a. Aut voluptatibus vitae tenetur explicabo dolorum non.', 550, 8, 20, '2018-03-05 00:41:56', '2018-03-05 00:41:56'),
(30, 'optio', 'Deserunt aspernatur exercitationem voluptatem sed. Ea numquam aliquid reprehenderit harum eos id officia. Numquam hic nisi velit id in debitis quasi fugit. Fugit quia fuga voluptate corrupti.', 381, 5, 23, '2018-03-05 00:41:56', '2018-03-05 00:41:56'),
(31, 'aperiam', 'Eligendi ad ea rerum labore omnis ullam quam est. Mollitia quisquam fuga quam voluptatibus ex nemo hic nobis. Cumque in labore molestiae consequatur et.', 376, 8, 27, '2018-03-05 00:41:56', '2018-03-05 00:41:56'),
(32, 'dolores', 'Velit sunt non aliquam officia dolorem reiciendis dolores expedita. Rerum perferendis labore inventore cum. Ad est aut necessitatibus qui.', 784, 0, 11, '2018-03-05 00:41:56', '2018-03-05 00:41:56'),
(33, 'ullam', 'Inventore ipsam laboriosam ut veritatis. Quia occaecati sit veritatis amet non. Molestias porro similique sit omnis harum distinctio.', 463, 8, 30, '2018-03-05 00:41:56', '2018-03-05 00:41:56'),
(34, 'non', 'Et rem a nulla necessitatibus. Aut ea quia odit error fugiat. Molestiae cum commodi itaque dignissimos nihil.', 435, 2, 18, '2018-03-05 00:41:56', '2018-03-05 00:41:56'),
(35, 'qui', 'Et explicabo quis molestias quia nesciunt qui. Perspiciatis quia ea tenetur porro id commodi ut. Similique vero et suscipit sed nam est autem.', 104, 0, 17, '2018-03-05 00:41:56', '2018-03-05 00:41:56'),
(36, 'veniam', 'Accusamus voluptatem debitis a quis mollitia esse. Deserunt debitis vel voluptas nemo necessitatibus dolorum non inventore. Aperiam quis ipsa culpa officia aliquam.', 681, 8, 9, '2018-03-05 00:41:56', '2018-03-05 00:41:56'),
(37, 'vel', 'Atque excepturi qui aspernatur atque sunt quia. Reiciendis recusandae eveniet ad officiis ut dolorum ut. Et quia ea qui aut dicta nobis. Suscipit aut vero excepturi earum odio sed. Veritatis qui recusandae expedita ullam id quos.', 522, 0, 15, '2018-03-05 00:41:56', '2018-03-05 00:41:56'),
(38, 'nihil', 'Tempora voluptatem velit cum. Eos illum nihil ut qui non dolore laborum magni. Aliquid necessitatibus voluptas quia non animi.', 362, 6, 24, '2018-03-05 00:41:56', '2018-03-05 00:41:56'),
(39, 'voluptas', 'Sunt id neque aliquam rerum itaque omnis. Est ab voluptatem molestiae est maiores. Autem ea et doloremque et non nisi voluptas.', 793, 1, 23, '2018-03-05 00:41:56', '2018-03-05 00:41:56'),
(40, 'eaque', 'Et atque sunt ad accusamus quaerat quis totam. Ut ducimus aut illo totam totam eum inventore. Nemo provident eum pariatur dicta tenetur. Occaecati dignissimos voluptatem sed omnis. Eum velit accusamus sit sed asperiores dolorem atque.', 732, 7, 13, '2018-03-05 00:41:56', '2018-03-05 00:41:56'),
(41, 'vero', 'Qui dolores necessitatibus sint magnam maxime at. Praesentium vitae inventore et neque ipsam. Sint eius commodi et omnis est porro non accusantium. Voluptas mollitia et dolores odio. Nihil qui omnis officiis qui rerum voluptate.', 754, 6, 15, '2018-03-05 00:41:56', '2018-03-05 00:41:56'),
(42, 'a', 'Quasi voluptates minima quia ex labore. Inventore eum iusto occaecati tempora laborum corporis laborum inventore. Fuga minima tempora perferendis voluptatibus. Voluptatibus optio quasi id quia.', 159, 4, 28, '2018-03-05 00:41:57', '2018-03-05 00:41:57'),
(43, 'nihil', 'Enim dolores maiores ut officiis earum repellendus. Animi quia ea velit qui rerum. Suscipit veniam qui sunt voluptate doloribus nostrum incidunt. Et et repellendus qui temporibus voluptate.', 683, 2, 30, '2018-03-05 00:41:57', '2018-03-05 00:41:57'),
(44, 'neque', 'Sint harum numquam aut ipsum quia. Sequi labore doloribus possimus. Numquam autem harum a nobis qui ea. Ut velit officia sint eos qui ab voluptatem voluptatem.', 743, 5, 5, '2018-03-05 00:41:57', '2018-03-05 00:41:57'),
(45, 'ipsa', 'Aliquid earum aspernatur ipsum libero consequatur distinctio quas. Non non dolor similique et est laborum labore. Eum quis et at vel nulla temporibus.', 123, 6, 23, '2018-03-05 00:41:57', '2018-03-05 00:41:57'),
(46, 'fuga', 'Neque consequatur dolore rem maiores odio. Doloremque ut odio eos error iusto quia est. Velit et excepturi ex est omnis.', 105, 3, 23, '2018-03-05 00:41:57', '2018-03-05 00:41:57'),
(47, 'atque', 'Recusandae praesentium dolor iste ut. Dolor sit voluptate qui dolor officiis ut. Molestiae et saepe reiciendis nihil expedita laborum.', 586, 1, 24, '2018-03-05 00:41:57', '2018-03-05 00:41:57'),
(48, 'earum', 'Rerum aut quaerat laboriosam provident. Iure ut dolor unde repellendus. Ut dolor omnis quod sapiente aut et. Dolores quibusdam dignissimos sunt eos possimus.', 437, 7, 6, '2018-03-05 00:41:57', '2018-03-05 00:41:57'),
(49, 'quis', 'Incidunt totam velit et consequatur maiores illo. Aliquid consequuntur deleniti ut maxime. Quia cum quos modi molestias. Cumque ut unde doloribus dolorem quia nesciunt.', 836, 8, 12, '2018-03-05 00:41:57', '2018-03-05 00:41:57'),
(50, 'non', 'Voluptates nihil voluptas culpa. Quod et est cum nostrum omnis vero quia. In suscipit amet tenetur delectus dolorem alias provident. Explicabo adipisci eveniet ut qui sunt aut molestiae.', 871, 1, 12, '2018-03-05 00:41:57', '2018-03-05 00:41:57');

-- --------------------------------------------------------

--
-- Table structure for table `reviews`
--

CREATE TABLE `reviews` (
  `id` int(10) UNSIGNED NOT NULL,
  `product_id` int(10) UNSIGNED NOT NULL,
  `customer` varchar(191) COLLATE utf8mb4_unicode_ci NOT NULL,
  `review` text COLLATE utf8mb4_unicode_ci NOT NULL,
  `star` int(11) NOT NULL,
  `created_at` timestamp NULL DEFAULT NULL,
  `updated_at` timestamp NULL DEFAULT NULL
) ENGINE=InnoDB DEFAULT CHARSET=utf8mb4 COLLATE=utf8mb4_unicode_ci;

--
-- Dumping data for table `reviews`
--

INSERT INTO `reviews` (`id`, `product_id`, `customer`, `review`, `star`, `created_at`, `updated_at`) VALUES
(1, 24, 'Abbey Feil', 'Consequuntur impedit maiores harum perspiciatis sapiente architecto sed. In repudiandae quos ullam molestiae. Sunt error laudantium ad qui.', 3, '2018-03-05 00:41:58', '2018-03-05 00:41:58'),
(2, 5, 'Mr. Armand Wuckert', 'Qui animi est dignissimos ut quod. Ipsa voluptates laborum officia porro. Qui totam eaque maxime earum officiis et.', 0, '2018-03-05 00:41:58', '2018-03-05 00:41:58'),
(3, 42, 'Florencio Herman', 'Aut delectus vero asperiores voluptas eligendi ut. Autem quaerat quis qui expedita sit. Delectus quia autem minus magni quam sit voluptates.', 4, '2018-03-05 00:41:58', '2018-03-05 00:41:58'),
(4, 27, 'Randall Von', 'Maiores dolorem ut laboriosam odio. Minus omnis facilis vel et cum cupiditate praesentium. Dolorum rerum ea voluptates enim aut quam distinctio. Qui quia quia ullam. Sequi magni ea incidunt consectetur expedita aspernatur.', 3, '2018-03-05 00:41:58', '2018-03-05 00:41:58'),
(5, 46, 'Joannie Kulas', 'Suscipit dolorem aut maxime ea sint qui saepe est. Non debitis sint qui dolores dicta. Et enim explicabo soluta magni illo voluptatem.', 1, '2018-03-05 00:41:58', '2018-03-05 00:41:58'),
(6, 14, 'Donna Watsica', 'Alias quos aspernatur ut fuga consequatur ea. Consequatur dolor ipsum dolor fuga. Repellendus sapiente a aperiam consectetur est architecto ipsam. Beatae est vel dolore voluptas aut praesentium aut debitis.', 4, '2018-03-05 00:41:59', '2018-03-05 00:41:59'),
(7, 49, 'Izaiah Jones', 'Ut non magnam nihil officiis eius facilis. Ut qui placeat debitis perferendis architecto excepturi. Odit velit cupiditate accusantium atque.', 3, '2018-03-05 00:41:59', '2018-03-05 00:41:59'),
(8, 8, 'Mrs. Zaria Gaylord', 'Nisi soluta dolor maiores. Impedit voluptas ratione ea ut incidunt. Qui possimus et consequatur est fugit. Ea sunt eos deserunt sed iusto rerum natus. Molestias laborum sunt voluptatem blanditiis qui sunt.', 2, '2018-03-05 00:41:59', '2018-03-05 00:41:59'),
(9, 7, 'Tommie Bergstrom', 'Sunt illum aspernatur sint ut incidunt dicta ut. Dolore at odit libero qui esse. Necessitatibus placeat tempora ut repudiandae aliquid quis. Voluptas earum laborum est.', 1, '2018-03-05 00:41:59', '2018-03-05 00:41:59'),
(10, 29, 'Ofelia Altenwerth', 'Quia consequatur quisquam id quaerat non est atque. Ab qui et et maiores in deleniti minus. Velit est et qui. Enim eum doloremque consequatur suscipit.', 0, '2018-03-05 00:41:59', '2018-03-05 00:41:59'),
(11, 38, 'Shana Block', 'Fugiat consectetur voluptatem dolorem est ad repudiandae. Dolorem consectetur dolore molestiae et. Voluptatibus tempora ut tenetur delectus. Consequuntur voluptatum vel ut corporis ratione nam voluptas.', 5, '2018-03-05 00:41:59', '2018-03-05 00:41:59'),
(12, 24, 'Frederick Denesik', 'Ratione rem error autem. Tenetur ipsum aperiam magnam et laborum dolore sit. Officia consectetur incidunt neque dicta. Perferendis ut eum debitis repellat recusandae debitis nostrum.', 2, '2018-03-05 00:41:59', '2018-03-05 00:41:59'),
(13, 48, 'Janelle Hudson Jr.', 'Omnis enim est officiis accusamus rem facilis. Et mollitia commodi est et. Est qui laboriosam laboriosam eum. Autem voluptatibus ut ab totam neque rerum debitis.', 4, '2018-03-05 00:41:59', '2018-03-05 00:41:59'),
(14, 21, 'Ida Stiedemann', 'Illum voluptatem aliquid perferendis voluptate id debitis. Id similique voluptas ipsum cum. Ipsum veniam dolorem ut voluptatem.', 0, '2018-03-05 00:41:59', '2018-03-05 00:41:59'),
(15, 19, 'Joan Lueilwitz I', 'Ipsum sit id officia sunt. Voluptate et placeat eligendi delectus sapiente quia temporibus. Recusandae nobis veniam occaecati repellat placeat velit quia recusandae.', 4, '2018-03-05 00:41:59', '2018-03-05 00:41:59'),
(16, 6, 'Harry Walker', 'Illo vero amet blanditiis sit. Qui sint dolorem molestiae error non officia et cupiditate. Est sit aspernatur provident qui. Deleniti ipsum sunt laborum repellat hic ut.', 3, '2018-03-05 00:41:59', '2018-03-05 00:41:59'),
(17, 28, 'Mrs. Genoveva Swaniawski', 'Sequi perferendis dolorem similique vel illum asperiores veritatis. Tempora placeat minus omnis. Iste cum beatae et saepe vel consequatur accusamus.', 2, '2018-03-05 00:41:59', '2018-03-05 00:41:59'),
(18, 31, 'Prof. Maida Gusikowski', 'Eius ut consequuntur sed mollitia aut. Animi ex necessitatibus corrupti dolores consequatur non. Aut ut iste repellat alias consequatur. Nihil explicabo et quo minus quia quia.', 0, '2018-03-05 00:41:59', '2018-03-05 00:41:59'),
(19, 21, 'Prof. Brennon Anderson', 'Ut aut quo vero voluptas ut aut. Quo harum dignissimos officiis cupiditate aliquid nihil pariatur nobis. Laboriosam odit debitis minus rerum mollitia consequatur vitae. Explicabo officia quis corporis enim est aut.', 0, '2018-03-05 00:41:59', '2018-03-05 00:41:59'),
(20, 50, 'Prof. Karen Bradtke', 'Deserunt dolorem veritatis autem debitis et excepturi eos. Et dignissimos aspernatur deserunt veniam eum. Laborum autem vitae officia iure quo quia corrupti. Voluptatem aut consequatur officiis ipsam porro accusamus.', 5, '2018-03-05 00:41:59', '2018-03-05 00:41:59'),
(21, 11, 'Aliza Terry', 'Sed aut sunt voluptas voluptas voluptatum impedit. Quia ullam aut aut. Qui ea pariatur officia amet aut.', 3, '2018-03-05 00:41:59', '2018-03-05 00:41:59'),
(22, 8, 'Bethel Hayes', 'Omnis vel laudantium sit doloribus minus est. Expedita aut aut minus perspiciatis et ullam voluptatem culpa. Ea necessitatibus ipsam est vero sit.', 2, '2018-03-05 00:41:59', '2018-03-05 00:41:59'),
(23, 37, 'Cyrus Deckow', 'Et minus id asperiores voluptas inventore. Omnis ut non odio autem nam rerum repudiandae. Sit vel quia nesciunt facere eum. Aut incidunt aut suscipit perferendis laborum.', 1, '2018-03-05 00:42:00', '2018-03-05 00:42:00'),
(24, 3, 'Jayden Lubowitz', 'Exercitationem esse et saepe eveniet. Veritatis tempora molestiae dolores voluptates dolore. Sapiente quia voluptatibus eum vel voluptates. Itaque consequuntur accusantium quia maxime.', 0, '2018-03-05 00:42:00', '2018-03-05 00:42:00'),
(25, 17, 'Richard Kuphal', 'Laborum consequatur earum in vel autem. Quis beatae et voluptatem provident voluptatem delectus et. Nam eligendi in ea accusamus.', 3, '2018-03-05 00:42:00', '2018-03-05 00:42:00'),
(26, 4, 'Zion Wisozk', 'Laborum sit recusandae nesciunt tenetur et ad animi. Pariatur voluptatibus recusandae animi aut accusantium doloremque quia soluta. Cumque et sed ut perspiciatis quam hic. Tempore sit distinctio aut rerum libero est ex. Iure numquam voluptas est.', 4, '2018-03-05 00:42:00', '2018-03-05 00:42:00'),
(27, 37, 'Connor O\'Conner', 'Neque perferendis blanditiis omnis pariatur quas rerum accusantium. Et omnis veritatis harum similique eum. Quam quia soluta est omnis. Ea dolor dignissimos possimus.', 5, '2018-03-05 00:42:00', '2018-03-05 00:42:00'),
(28, 4, 'Euna Quigley', 'Reiciendis officia sed reprehenderit dolores. Architecto magnam velit itaque architecto nisi. Aliquid qui quis qui illum iure aspernatur sapiente reiciendis. Voluptates odit sequi fugit voluptatem impedit qui tempora.', 0, '2018-03-05 00:42:00', '2018-03-05 00:42:00'),
(29, 15, 'Connor Kulas V', 'Voluptatem ducimus et facilis dolores dicta. Est aut harum quia earum. Officia architecto dolor necessitatibus id. Enim et nemo ea ipsam et minima qui. Omnis libero excepturi nemo cupiditate autem aut est.', 2, '2018-03-05 00:42:00', '2018-03-05 00:42:00'),
(30, 1, 'Gladyce Kerluke', 'Esse eum omnis distinctio ab nam ullam quo. Ut corporis est quasi nam sed voluptas ad unde. Commodi deleniti sequi quia exercitationem molestiae exercitationem non quo. Minus voluptates sunt repudiandae alias qui sit atque voluptatem.', 1, '2018-03-05 00:42:00', '2018-03-05 00:42:00'),
(31, 13, 'Rhett Koch', 'Autem et error repellat molestiae quod. Voluptate dolor veniam quo aliquam. Quia aut qui similique sint blanditiis vero molestias. Repellat et illo consequatur.', 1, '2018-03-05 00:42:00', '2018-03-05 00:42:00'),
(32, 30, 'Dr. Waylon Leffler DDS', 'Est cupiditate reprehenderit ut dolorem. Nobis fuga enim voluptatibus eaque hic. Rem sit voluptatem nostrum facilis laborum hic nobis qui. Consectetur quo nesciunt eos molestiae.', 3, '2018-03-05 00:42:00', '2018-03-05 00:42:00'),
(33, 30, 'Marilou Rempel', 'Laboriosam blanditiis itaque sint repellendus aut iste provident voluptatibus. Incidunt recusandae ab quia in dolor dolores. Cupiditate nisi odio maiores facere. Deserunt vitae voluptatem ipsum hic et beatae.', 4, '2018-03-05 00:42:00', '2018-03-05 00:42:00'),
(34, 2, 'Emmanuel Satterfield', 'Dignissimos et omnis reiciendis. Sint expedita fugit non fuga qui. Eligendi quod unde qui enim ducimus possimus.', 3, '2018-03-05 00:42:00', '2018-03-05 00:42:00'),
(35, 36, 'Keegan Ziemann', 'Minima commodi possimus autem voluptas. Et libero similique qui nihil ipsam hic sit porro. Ratione culpa ullam est commodi voluptates sunt velit cupiditate.', 2, '2018-03-05 00:42:00', '2018-03-05 00:42:00'),
(36, 12, 'Mr. Colin O\'Reilly', 'Aperiam eos corrupti similique quod quo maiores. Laborum sapiente placeat qui aut. Error non explicabo earum aut ut in ipsa.', 0, '2018-03-05 00:42:00', '2018-03-05 00:42:00'),
(37, 16, 'Forrest Kutch', 'Accusamus recusandae quia consectetur qui aperiam animi cupiditate. Nam beatae provident quam fugiat inventore. Beatae repudiandae praesentium sunt alias tempore. Repellat assumenda est laboriosam soluta assumenda officiis.', 1, '2018-03-05 00:42:01', '2018-03-05 00:42:01'),
(38, 14, 'Jarrett Boyle', 'Est distinctio dolorum debitis placeat. Repellat magni et quis consequuntur rerum. Odio nulla officia minima dolor et repellat.', 0, '2018-03-05 00:42:01', '2018-03-05 00:42:01'),
(39, 42, 'Tyrese O\'Conner', 'Aut reprehenderit voluptate alias. Nulla similique illo esse deleniti mollitia. Molestiae expedita quaerat ad rem corporis aspernatur provident.', 3, '2018-03-05 00:42:01', '2018-03-05 00:42:01'),
(40, 41, 'Dr. Rudy Goyette IV', 'Quaerat explicabo dolor quisquam aut. Ipsa mollitia error ea autem explicabo reprehenderit reiciendis. Assumenda odio voluptates sit ipsam possimus voluptate et.', 4, '2018-03-05 00:42:01', '2018-03-05 00:42:01'),
(41, 3, 'Anita Kirlin', 'Omnis sit vel recusandae omnis cupiditate molestias. Iste amet non voluptas porro quidem aperiam quis. Vel nemo vitae aliquid exercitationem quis consequatur similique.', 5, '2018-03-05 00:42:01', '2018-03-05 00:42:01'),
(42, 18, 'Alene Fahey', 'Quia inventore quidem dolorem nostrum perferendis libero mollitia. Facilis assumenda et consequatur amet. Voluptas aut ipsum quidem eligendi. Odit non quod doloremque aperiam.', 1, '2018-03-05 00:42:01', '2018-03-05 00:42:01'),
(43, 16, 'Prof. Melvina Macejkovic DVM', 'Nostrum omnis optio qui soluta voluptatem recusandae omnis quaerat. Ut in ut aliquid fugit. Consequatur id doloremque porro repudiandae accusamus.', 2, '2018-03-05 00:42:01', '2018-03-05 00:42:01'),
(44, 37, 'Dr. Arianna Leffler', 'Id velit blanditiis reiciendis neque et autem asperiores. Qui ut et earum alias soluta consequatur nihil. Temporibus sed voluptatem tempora vitae autem itaque quidem.', 3, '2018-03-05 00:42:01', '2018-03-05 00:42:01'),
(45, 3, 'Mozelle Jacobs', 'Autem velit beatae consectetur in sint. Voluptatem fugit saepe voluptatem error. Consectetur nostrum suscipit illum optio ratione incidunt. Aut natus fuga minus nesciunt quia.', 3, '2018-03-05 00:42:01', '2018-03-05 00:42:01'),
(46, 14, 'Josiah Bernhard V', 'Minima rerum voluptatibus sit velit. Et nam animi velit excepturi labore velit. Ipsa est ab rerum minus laborum exercitationem aut eum.', 2, '2018-03-05 00:42:01', '2018-03-05 00:42:01'),
(47, 3, 'Dr. Zander Beier', 'Soluta cum et sunt doloribus sit. Animi dicta earum pariatur asperiores.', 4, '2018-03-05 00:42:01', '2018-03-05 00:42:01'),
(48, 11, 'Clinton Blanda', 'Aut et enim ducimus. Quasi fuga sit tenetur. Consequatur debitis nam dolorem dolorem.', 0, '2018-03-05 00:42:01', '2018-03-05 00:42:01'),
(49, 15, 'Prof. Ruben Kuhlman MD', 'Sunt est aut hic sint dolor fugiat. Aperiam consequuntur non et non rerum quisquam sunt.', 4, '2018-03-05 00:42:01', '2018-03-05 00:42:01'),
(50, 16, 'Ewald Conroy', 'Possimus sint sed suscipit voluptatum illum. Iure architecto adipisci facere nobis sit est beatae. Non labore sint voluptas eos quia. Dolorum optio dolorem dicta.', 1, '2018-03-05 00:42:01', '2018-03-05 00:42:01'),
(51, 27, 'Dr. Arvilla Moen DVM', 'Quisquam accusantium eum qui est ut inventore non. Sit eaque quisquam qui a nesciunt provident. Aut et sint error corrupti nam. Consequatur facilis omnis autem quos.', 4, '2018-03-05 00:42:01', '2018-03-05 00:42:01'),
(52, 7, 'Mr. Blaise Schmeler II', 'Quod ad consequatur cum. Nemo nostrum repellat dolorem ut. Ducimus est dolor in debitis odit id.', 3, '2018-03-05 00:42:01', '2018-03-05 00:42:01'),
(53, 48, 'Prof. Sidney Kutch MD', 'In eum eaque minus molestiae. Ullam sequi veritatis ut est quis perferendis. Et maiores ea nobis est.', 5, '2018-03-05 00:42:01', '2018-03-05 00:42:01'),
(54, 4, 'Mr. Garett Von DVM', 'Et id delectus cupiditate saepe impedit mollitia veniam sint. Architecto animi reiciendis placeat quia non aut. Et eius fugit est aliquid. Dolores nihil nisi vero.', 2, '2018-03-05 00:42:01', '2018-03-05 00:42:01'),
(55, 5, 'Jaylin Witting', 'Aspernatur optio sequi dolores ea et dolores id. Aspernatur et optio et rem eum esse rerum nostrum. Suscipit aliquam autem voluptatem esse.', 3, '2018-03-05 00:42:01', '2018-03-05 00:42:01'),
(56, 27, 'Dale Considine', 'Autem cupiditate ipsam qui nemo tempore quo. Et dolores numquam ipsa ipsa dolorum assumenda aut veniam. Minima est iusto aut odio. Sit minus dolores omnis et non. Magni quae officiis dolor debitis.', 5, '2018-03-05 00:42:02', '2018-03-05 00:42:02'),
(57, 12, 'Prof. Eileen Hauck', 'Sunt nihil ut neque. Nulla et accusantium in consectetur sed reiciendis consequatur. Eos at accusantium rerum natus necessitatibus.', 4, '2018-03-05 00:42:02', '2018-03-05 00:42:02'),
(58, 26, 'Lucie Weissnat', 'Magni omnis corrupti repudiandae consequatur. Ut et et voluptas error laudantium fugiat. Non excepturi aut consequatur voluptatem natus doloremque eos. Repellat quam ut eius qui animi.', 5, '2018-03-05 00:42:02', '2018-03-05 00:42:02'),
(59, 17, 'Lorenza Willms', 'Consequatur omnis non consequuntur. Debitis soluta nostrum ex accusamus dolor. Aliquam sed dolorem quae sit aperiam tempora.', 3, '2018-03-05 00:42:02', '2018-03-05 00:42:02'),
(60, 18, 'Madisyn Reichert', 'Et unde quibusdam sed et et tempora accusamus. Recusandae ex esse et molestiae magnam perspiciatis consequatur. Ex amet commodi illo tempore. Mollitia sed nostrum maxime.', 3, '2018-03-05 00:42:02', '2018-03-05 00:42:02'),
(61, 24, 'Carey Wuckert', 'Asperiores vero ullam quisquam consequatur ea vel. Fuga fugiat illum nemo aspernatur doloribus fugiat dolor.', 1, '2018-03-05 00:42:02', '2018-03-05 00:42:02'),
(62, 19, 'Cali Stoltenberg', 'Nemo facere recusandae ad est expedita ad. Ut quia molestias laudantium rerum consectetur ab. Commodi totam aliquam culpa enim officia libero tempore.', 3, '2018-03-05 00:42:02', '2018-03-05 00:42:02'),
(63, 50, 'Loren Waters', 'In deserunt distinctio aut dignissimos in nihil. Ea et eum magnam soluta eligendi quia. Velit ex fugiat sequi non at.', 3, '2018-03-05 00:42:02', '2018-03-05 00:42:02'),
(64, 32, 'Ettie Bartell', 'Eos consequatur corrupti velit sequi magnam recusandae. Non et sed aut at. Aut reiciendis eligendi accusantium officiis mollitia accusamus accusamus.', 2, '2018-03-05 00:42:02', '2018-03-05 00:42:02'),
(65, 50, 'Dell Schaefer Jr.', 'Est maiores esse molestiae nesciunt. Nesciunt voluptatibus atque sed alias et. Sit unde est et in omnis.', 1, '2018-03-05 00:42:02', '2018-03-05 00:42:02'),
(66, 46, 'Ms. Nora Hettinger', 'Rerum sit voluptatem voluptate est aut esse. Est amet fugit optio sunt. Consequuntur ut ab beatae. Officia quo temporibus molestias veritatis.', 3, '2018-03-05 00:42:02', '2018-03-05 00:42:02'),
(67, 24, 'Tamara Murray', 'Molestias cupiditate quos blanditiis. Qui tempore voluptatem consequatur illum quisquam aut est est. Libero nisi voluptas eaque possimus. Praesentium minima deserunt ducimus ut molestias modi sit eaque.', 1, '2018-03-05 00:42:02', '2018-03-05 00:42:02'),
(68, 32, 'Syble Sauer', 'Ut vel soluta repellat labore velit. Sapiente quis labore fugit ab modi rerum animi. Deserunt adipisci ut perspiciatis veniam et similique amet. Veritatis ut officia eos ut dolor tempora nam et.', 3, '2018-03-05 00:42:02', '2018-03-05 00:42:02'),
(69, 45, 'Miss Pasquale Breitenberg', 'Nam velit eaque dolorem dolores. Nihil qui minus excepturi est repellendus cum illum. Debitis ducimus iste alias quasi aliquam. Quis soluta facere eos deserunt.', 0, '2018-03-05 00:42:02', '2018-03-05 00:42:02'),
(70, 9, 'Lucienne Boehm', 'Quia officiis dicta voluptatem natus. Et natus ut dicta ipsam quia. Sed debitis eius omnis.', 5, '2018-03-05 00:42:02', '2018-03-05 00:42:02'),
(71, 50, 'Mr. Hadley Huel III', 'Possimus magnam amet hic officiis harum dolores et sequi. Maxime eos molestiae facere officia aperiam autem magni. Maxime temporibus et voluptatum ullam tempora. Debitis nostrum dolore optio odio.', 1, '2018-03-05 00:42:03', '2018-03-05 00:42:03'),
(72, 22, 'Treva Hegmann', 'Voluptatum eum placeat dolorum voluptas ratione quod et. Nemo quia minus exercitationem ut esse. Sunt animi ex aut cupiditate cupiditate delectus voluptatem nostrum. Maiores sed iure dicta ex.', 1, '2018-03-05 00:42:03', '2018-03-05 00:42:03'),
(73, 3, 'Jermey Fadel', 'Voluptatem facere incidunt nostrum qui maiores. Quibusdam numquam rem quia sed. Maxime quidem facere velit laudantium sint. Sint quia temporibus quia dignissimos doloremque excepturi quod. Sit quia ex error nulla qui.', 3, '2018-03-05 00:42:03', '2018-03-05 00:42:03'),
(74, 5, 'Marcel Wehner', 'Aperiam laborum ut est id laborum. Iure unde et autem voluptatibus placeat commodi modi esse. Voluptates aut recusandae expedita consequuntur et. Deleniti rerum quasi cumque mollitia voluptates unde.', 3, '2018-03-05 00:42:03', '2018-03-05 00:42:03'),
(75, 28, 'Mr. Maynard Goldner PhD', 'Ut nihil sed voluptatem ut eveniet. Omnis qui et dolorem. Qui delectus provident temporibus quas aperiam. Ex tempore ut culpa non minima quo ullam.', 4, '2018-03-05 00:42:03', '2018-03-05 00:42:03'),
(76, 7, 'Gia Funk', 'Labore ut quia et quo. Qui culpa a quis voluptas soluta. Voluptatem tempore quis nostrum cumque sed ducimus reprehenderit iusto. Rerum quasi qui et laborum blanditiis.', 3, '2018-03-05 00:42:03', '2018-03-05 00:42:03'),
(77, 14, 'Prof. Cierra Rempel', 'Dolores ducimus aut qui praesentium at ipsum nulla. Itaque quo sit maiores corporis quibusdam. Aliquam ipsum est culpa delectus quaerat. Eos iste rem ea esse dolorum cum qui.', 0, '2018-03-05 00:42:03', '2018-03-05 00:42:03'),
(78, 10, 'Karl Hilll', 'Maiores officiis sed dolorem non. Nulla mollitia minus rem explicabo. Saepe in in maxime.', 3, '2018-03-05 00:42:03', '2018-03-05 00:42:03'),
(79, 1, 'Isabell Pacocha', 'Et voluptas aut quaerat aut. Est eaque a nobis assumenda neque qui. Ea ea nostrum qui.', 4, '2018-03-05 00:42:03', '2018-03-05 00:42:03'),
(80, 49, 'Kassandra Rippin', 'Et aut excepturi est. Nisi vitae ut rerum vero quibusdam voluptatibus vero. Praesentium quos veniam voluptatem nobis.', 4, '2018-03-05 00:42:03', '2018-03-05 00:42:03'),
(81, 17, 'Prof. Salvatore Baumbach II', 'Iste explicabo consequatur consequuntur inventore natus optio. Molestias dicta ut et placeat quia et autem praesentium. Vero ut modi quaerat ratione corporis quisquam ex. Eius provident voluptas eaque similique.', 4, '2018-03-05 00:42:03', '2018-03-05 00:42:03'),
(82, 27, 'Ms. Bernadette Johns V', 'Optio reiciendis sit corrupti quia dolores modi. Quas ipsum illo unde voluptate officia veritatis. Et sunt est eligendi vel dolorem repellat quasi pariatur. Qui nesciunt officia ea quam vitae est pariatur.', 0, '2018-03-05 00:42:03', '2018-03-05 00:42:03'),
(83, 6, 'Jamal Botsford', 'Facere dolorum quaerat voluptatem. In qui aut sint explicabo aut. Quasi ut dolor blanditiis deleniti deserunt commodi in. Qui sapiente facilis quibusdam vel.', 5, '2018-03-05 00:42:04', '2018-03-05 00:42:04'),
(84, 10, 'Destiny Schmitt', 'Voluptas dolore enim ullam dolor. Sed ut quasi aliquam maiores voluptatem deleniti. Nulla ea dolorum quia quo consequatur enim.', 0, '2018-03-05 00:42:04', '2018-03-05 00:42:04'),
(85, 31, 'Allan Johnston PhD', 'Commodi veritatis quae eos voluptas. Consequatur eos et et vero. Et est ipsam voluptatem quisquam impedit nihil. Numquam voluptates quis assumenda aut aliquid dolores dolor.', 1, '2018-03-05 00:42:04', '2018-03-05 00:42:04'),
(86, 9, 'Dan Connelly Sr.', 'Velit enim ipsa odit ut aut aliquid et est. Deserunt eius pariatur debitis laboriosam fugit. Inventore dolores odit earum. Deleniti explicabo earum qui.', 1, '2018-03-05 00:42:04', '2018-03-05 00:42:04'),
(87, 14, 'Davon Crist', 'Nihil illo adipisci quo ut voluptas. Molestiae qui nostrum velit distinctio sunt facere.', 4, '2018-03-05 00:42:04', '2018-03-05 00:42:04'),
(88, 34, 'Jackeline Skiles', 'Sed minima ut qui et voluptatem. Blanditiis et sit sit. Corporis eos adipisci facilis dolorem voluptatibus animi dignissimos. Id facilis commodi quia voluptas enim.', 1, '2018-03-05 00:42:04', '2018-03-05 00:42:04'),
(89, 33, 'Shanny Yost', 'Cupiditate omnis et expedita consequatur rerum sit ut. Perferendis cupiditate omnis ut culpa amet nam quia. Nihil nostrum sit labore.', 2, '2018-03-05 00:42:04', '2018-03-05 00:42:04'),
(90, 19, 'Mr. Jerel Gerlach III', 'Veritatis esse sit aut doloribus quod eveniet. Architecto assumenda sed est id eum dicta excepturi. Ut aut nisi eos. Necessitatibus pariatur voluptas veritatis ipsum placeat explicabo.', 2, '2018-03-05 00:42:04', '2018-03-05 00:42:04'),
(91, 42, 'Chasity Barton', 'Libero labore ratione id dolorum non. Sapiente nihil odio asperiores ea sit. Ut suscipit rerum et hic repellendus est dolorem repudiandae. Quasi esse in et illum libero repudiandae quibusdam.', 4, '2018-03-05 00:42:04', '2018-03-05 00:42:04'),
(92, 20, 'Dr. Giles Strosin PhD', 'Quae consequatur expedita similique animi veniam facilis optio. Incidunt in et nihil ab magni. Ut alias eligendi sed veritatis.', 2, '2018-03-05 00:42:04', '2018-03-05 00:42:04'),
(93, 25, 'Miss Odie Gutmann V', 'Omnis assumenda quasi repellat dolor similique. Nihil recusandae adipisci et vel in ut. Magni voluptates dolor incidunt sint.', 2, '2018-03-05 00:42:04', '2018-03-05 00:42:04'),
(94, 12, 'Ramon Feil', 'Autem voluptatibus nesciunt deserunt eum fuga inventore. Magnam et beatae veniam molestiae. Blanditiis tempora voluptatum et ut corrupti voluptas tempora. Ut aut necessitatibus labore.', 0, '2018-03-05 00:42:04', '2018-03-05 00:42:04'),
(95, 30, 'Annabell Schumm', 'Alias sit consequatur exercitationem porro sequi fugit modi. Provident nesciunt saepe ex officiis consequatur pariatur. Magnam vel sit rerum consequatur consequatur et quia occaecati. Inventore placeat facere enim omnis sequi ut fugit.', 5, '2018-03-05 00:42:04', '2018-03-05 00:42:04'),
(96, 39, 'Lilian Kuhlman', 'Assumenda voluptatum quisquam hic minima ipsa quae consectetur. Magni dolores blanditiis fugit velit nemo debitis. Et a perferendis corporis exercitationem. Ex consequatur dolorum incidunt qui fugiat. Eius nihil corporis itaque numquam.', 2, '2018-03-05 00:42:04', '2018-03-05 00:42:04'),
(97, 47, 'Angela Zemlak V', 'Quae fuga impedit omnis itaque quidem quis at sit. Nobis cumque dolores vero et voluptas tempore. Et facilis nihil eum perferendis. Minus et et nihil qui quod et culpa.', 2, '2018-03-05 00:42:04', '2018-03-05 00:42:04'),
(98, 11, 'Miss Mariam Schulist', 'Qui unde dolorem a deserunt qui nulla voluptas. Cupiditate sed ut qui aperiam optio ut commodi culpa. Non eos consequatur libero est esse.', 3, '2018-03-05 00:42:04', '2018-03-05 00:42:04'),
(99, 3, 'Mrs. Aniya Grady II', 'Aliquam consequatur error labore veritatis eligendi qui. Tempora reprehenderit non et veniam eum nisi. Cumque ullam sed possimus et ipsam.', 3, '2018-03-05 00:42:04', '2018-03-05 00:42:04'),
(100, 1, 'Miss Kristina Walter IV', 'Iusto nobis voluptatem necessitatibus ut. Ab sed hic molestiae nemo officia tempora. Vel pariatur autem voluptatem explicabo voluptate et. Beatae sequi beatae earum voluptas ratione saepe.', 3, '2018-03-05 00:42:04', '2018-03-05 00:42:04'),
(101, 2, 'Violet Nitzsche', 'Libero nihil est non. Autem voluptates debitis eaque pariatur dolores et quia. Optio vel et veniam qui.', 2, '2018-03-05 00:42:04', '2018-03-05 00:42:04'),
(102, 11, 'Jenifer Vandervort', 'Quisquam ad aut et eaque. Qui expedita atque omnis veritatis tempore blanditiis quas sed. Est magni quae quis cum sed et aut.', 4, '2018-03-05 00:42:05', '2018-03-05 00:42:05'),
(103, 26, 'Prof. Torrey Leuschke', 'Accusantium perferendis explicabo error dolores odio accusantium debitis. Dolor quia rerum voluptas labore aut. Rerum cum tempora vitae eum dolores nihil. Voluptate similique reiciendis voluptatum placeat fugiat. Quos amet eius ex accusantium et doloremque animi autem.', 2, '2018-03-05 00:42:05', '2018-03-05 00:42:05'),
(104, 23, 'Olaf McGlynn', 'Sit illo totam voluptatum consequatur voluptas nemo ipsum eum. Quos magni et officia sit delectus voluptas.', 3, '2018-03-05 00:42:05', '2018-03-05 00:42:05'),
(105, 29, 'Lurline Schamberger', 'Libero dolorem magni doloribus voluptatum error. Tempore adipisci amet sed et aliquid deserunt et id. Sed error aut ea esse.', 0, '2018-03-05 00:42:05', '2018-03-05 00:42:05'),
(106, 46, 'Dr. Izabella Rippin', 'Nihil ut sed rerum qui laborum. Voluptas consequatur ut quaerat. Velit atque incidunt autem cumque similique ipsa. Enim nostrum consequuntur sit delectus doloremque.', 3, '2018-03-05 00:42:05', '2018-03-05 00:42:05'),
(107, 31, 'Selmer Kihn DDS', 'Enim corrupti aut dolorum. Qui distinctio ab voluptate. Consequatur fugiat repellendus expedita repellendus enim.', 5, '2018-03-05 00:42:05', '2018-03-05 00:42:05'),
(108, 10, 'Buddy Kerluke', 'Iure dolorum eaque ut vero. Reiciendis nesciunt quibusdam omnis facere aspernatur. Neque qui reprehenderit repudiandae pariatur. Ipsum necessitatibus error laboriosam veniam aliquam.', 3, '2018-03-05 00:42:05', '2018-03-05 00:42:05'),
(109, 29, 'Lacey Sporer', 'Eius animi doloribus consequatur id. Atque quidem sint maxime ab. Velit ut et velit commodi occaecati. Dolor voluptatum dolor numquam voluptate nihil officia.', 4, '2018-03-05 00:42:05', '2018-03-05 00:42:05'),
(110, 31, 'Ms. Filomena Wintheiser', 'Sed ut ut ut dolor et aliquid distinctio. Fugit beatae tempora soluta culpa. Sequi ut consequuntur aperiam maiores esse.', 1, '2018-03-05 00:42:05', '2018-03-05 00:42:05'),
(111, 20, 'Brendon Bogisich', 'Quis quod deserunt dolorem est placeat. Dolores voluptatem minima dolorum aliquam aut quia. Magni molestias sint et est.', 4, '2018-03-05 00:42:05', '2018-03-05 00:42:05'),
(112, 16, 'Vidal McClure', 'Totam ea et est quo debitis velit rerum. Nulla facilis debitis magnam ad. Ad vitae optio ea voluptatem ipsam deleniti. Et officia et soluta doloremque. Rerum at sequi consectetur accusamus et ullam magnam.', 4, '2018-03-05 00:42:05', '2018-03-05 00:42:05'),
(113, 2, 'Camila Flatley', 'Reiciendis quae velit id voluptatem eius quisquam error. Consequuntur laborum ratione eaque sint. Ullam dolor aut sapiente esse qui quia.', 4, '2018-03-05 00:42:06', '2018-03-05 00:42:06'),
(114, 9, 'Mr. Deshaun Kuvalis', 'Veritatis pariatur dolor enim nobis recusandae cupiditate in. Nihil occaecati beatae commodi est sint voluptates consequatur. Qui et quisquam dolor totam. Tenetur ut tempora natus reiciendis non.', 0, '2018-03-05 00:42:06', '2018-03-05 00:42:06'),
(115, 35, 'Madisen Pacocha', 'Illum in molestiae modi debitis vel sed fugiat eum. Hic dolore alias illo dolorum qui tempore. Consequatur perferendis provident quod aspernatur qui est maiores.', 0, '2018-03-05 00:42:06', '2018-03-05 00:42:06'),
(116, 32, 'Khalid Dach MD', 'Labore totam non voluptate aut labore et temporibus. Omnis in asperiores veniam quas sunt est cumque. Recusandae ab voluptatum enim nihil voluptatem.', 0, '2018-03-05 00:42:06', '2018-03-05 00:42:06'),
(117, 4, 'Adolphus Zemlak', 'Accusantium eos odio ut. Modi aut pariatur est qui sapiente id dignissimos distinctio. Sunt illo ut quidem et deleniti voluptatem dolores voluptatum. Facere quaerat autem voluptatem.', 5, '2018-03-05 00:42:06', '2018-03-05 00:42:06'),
(118, 1, 'Delmer Haley', 'Et et et non quia tempore. Facilis pariatur expedita est aliquid placeat veniam. Sed molestiae aut id ducimus itaque natus.', 1, '2018-03-05 00:42:06', '2018-03-05 00:42:06'),
(119, 37, 'Mr. Cicero Schuster', 'Eos molestiae sed eum omnis eius consectetur. Aut consequatur rem sint laborum.', 1, '2018-03-05 00:42:06', '2018-03-05 00:42:06'),
(120, 37, 'Ms. Kari Jenkins Sr.', 'Reprehenderit hic aliquam architecto eligendi animi nihil voluptatum quam. Doloremque veritatis quaerat aut totam rem modi vel pariatur. Consequatur nam magnam autem suscipit. Animi est est sit illum.', 3, '2018-03-05 00:42:06', '2018-03-05 00:42:06'),
(121, 4, 'Shane DuBuque', 'Alias laborum magni magnam. Laboriosam quasi est laborum dolorem sed in.', 1, '2018-03-05 00:42:06', '2018-03-05 00:42:06'),
(122, 39, 'Miss Alexanne Dare', 'Quae ut iure eum rerum quos nobis excepturi. Officiis veritatis ducimus sapiente consequuntur deserunt omnis. Consequatur nesciunt eos nisi accusamus.', 2, '2018-03-05 00:42:06', '2018-03-05 00:42:06'),
(123, 5, 'Pearline Metz', 'Vero quaerat sed sapiente natus ratione et sed. Sit adipisci sapiente perspiciatis consequatur enim sed. Odit consequatur quas voluptatem voluptatum quis.', 2, '2018-03-05 00:42:06', '2018-03-05 00:42:06'),
(124, 43, 'Eusebio Dibbert', 'Est pariatur qui dolorem magni nihil. Dolor et ut eum illum vel. Cumque distinctio vel dolorem voluptas odit. Reprehenderit molestias ipsam debitis necessitatibus inventore consequuntur.', 2, '2018-03-05 00:42:06', '2018-03-05 00:42:06'),
(125, 1, 'Liliane Block', 'Quas tempora et fugiat labore. Odit ea est earum corrupti sint.', 0, '2018-03-05 00:42:06', '2018-03-05 00:42:06'),
(126, 7, 'Greg Schneider', 'Id nam magni dignissimos molestiae voluptatibus et dignissimos. Corporis ipsam inventore omnis sapiente porro voluptates eaque. Inventore velit laudantium alias et. Ratione facere voluptatem asperiores iste atque vel facilis.', 5, '2018-03-05 00:42:07', '2018-03-05 00:42:07'),
(127, 41, 'Shea Nader III', 'Et cupiditate explicabo occaecati fugit voluptas. Qui possimus nobis aut natus quo. Voluptatem quisquam optio suscipit non.', 0, '2018-03-05 00:42:07', '2018-03-05 00:42:07'),
(128, 28, 'Dr. Natalia Johns', 'Ea atque eligendi tempora. Non est molestiae possimus voluptas quo occaecati tempore molestiae.', 3, '2018-03-05 00:42:07', '2018-03-05 00:42:07'),
(129, 42, 'Prof. Evelyn Hintz I', 'Consequuntur est odit voluptatem est sed. Rerum et totam impedit voluptatem voluptatibus. Doloribus iure dolorum consequatur sed harum hic animi.', 1, '2018-03-05 00:42:07', '2018-03-05 00:42:07'),
(130, 1, 'Bradley Prosacco', 'Velit atque et excepturi sapiente itaque. Ut quis aut et voluptatibus voluptatem eum ipsa. Amet exercitationem odio iure omnis. Consequatur ut autem ea aperiam aliquam.', 5, '2018-03-05 00:42:07', '2018-03-05 00:42:07'),
(131, 39, 'Halle Bogan', 'Non aperiam quia sapiente tempore nostrum. Tenetur voluptatem et officiis dignissimos cumque. Aut et sit aut pariatur. Consequatur est molestiae cupiditate.', 1, '2018-03-05 00:42:07', '2018-03-05 00:42:07'),
(132, 29, 'Mr. Emilio Kertzmann II', 'Quo voluptates ratione nam doloremque tempora nemo. Excepturi sit odit quibusdam corporis vel quo. Magnam facere eveniet similique non dolores. Aut eligendi alias debitis est sint quasi voluptatem.', 3, '2018-03-05 00:42:07', '2018-03-05 00:42:07'),
(133, 8, 'Alexandre Purdy', 'Natus dolores ut nisi dolorem sit. Deleniti iste natus ab magni repellendus consequuntur magnam asperiores. Pariatur eum est et aut fuga et.', 2, '2018-03-05 00:42:07', '2018-03-05 00:42:07'),
(134, 49, 'Maxie Hagenes', 'Labore et voluptates sit explicabo dolore. Placeat temporibus natus omnis cum nesciunt. Doloribus suscipit eveniet tempore et aperiam beatae. Rem sapiente sunt doloribus.', 3, '2018-03-05 00:42:07', '2018-03-05 00:42:07'),
(135, 20, 'Jevon Boyer', 'Voluptatem ut aliquam adipisci vero. Veritatis qui fuga ut mollitia. Vel temporibus laudantium officia suscipit occaecati ea maiores.', 2, '2018-03-05 00:42:07', '2018-03-05 00:42:07'),
(136, 8, 'Eugenia Lubowitz', 'Quia consequatur est ea neque tenetur repudiandae voluptas. Est minus perspiciatis at vel alias amet vero dolores. Doloremque consequatur excepturi optio quis velit et.', 0, '2018-03-05 00:42:07', '2018-03-05 00:42:07'),
(137, 44, 'Ms. Jena Kerluke', 'Exercitationem eius est error. Quia deserunt vel et illum et facere ex. Est omnis laboriosam ut quis ut repudiandae. Praesentium nobis dolorem corporis architecto tempore.', 2, '2018-03-05 00:42:07', '2018-03-05 00:42:07'),
(138, 18, 'Mafalda Jacobi', 'Harum sapiente vero sed harum omnis dolores. Inventore quis earum dolorem. Dolores molestias animi voluptas ipsum repellendus et laboriosam. Eos odio sed iste est.', 5, '2018-03-05 00:42:07', '2018-03-05 00:42:07'),
(139, 37, 'Dr. Dimitri Oberbrunner', 'Error ipsam molestiae architecto eligendi nisi recusandae dolore. Porro consequatur nesciunt perspiciatis rerum optio. Illum aut harum officiis quia. Corporis libero ut qui.', 3, '2018-03-05 00:42:07', '2018-03-05 00:42:07'),
(140, 47, 'Emanuel Skiles Sr.', 'Nemo consectetur et a beatae numquam vero. Alias recusandae illum et deleniti aliquam esse. Tempore nemo maxime aliquam facere impedit sapiente officia.', 2, '2018-03-05 00:42:07', '2018-03-05 00:42:07'),
(141, 6, 'Estel Feil', 'Officiis sed nam quidem enim et unde molestiae ex. Facere amet aperiam labore ut dolorem tempore eaque. Quia dolorum ipsam architecto doloribus. Veritatis asperiores et nulla ut sapiente minima velit inventore.', 1, '2018-03-05 00:42:08', '2018-03-05 00:42:08'),
(142, 30, 'Jennifer Farrell', 'Ducimus autem maiores quia corporis voluptas ut ad. Sit in numquam quisquam sint quibusdam. Omnis voluptatem non natus fugiat adipisci atque et. Voluptas vel temporibus consectetur qui ad labore iure.', 1, '2018-03-05 00:42:08', '2018-03-05 00:42:08'),
(143, 38, 'Derrick Wiza', 'Eum ut occaecati fugiat aliquid harum alias quae. Dolorem quod voluptas non sunt. Ad quia ducimus et est ut autem et. Et necessitatibus non error laborum vel magni quia.', 2, '2018-03-05 00:42:08', '2018-03-05 00:42:08'),
(144, 46, 'Dr. Brett Torphy III', 'Nisi non laudantium modi delectus quae aut nemo. Quia ut a magnam ex autem et ipsa ducimus. Tempore earum laboriosam inventore vel qui repellendus. Cumque neque doloribus necessitatibus aut.', 5, '2018-03-05 00:42:08', '2018-03-05 00:42:08'),
(145, 3, 'Amelia Hammes', 'Vel tenetur expedita fugiat qui quia qui eaque ipsa. Ut rerum et molestiae quaerat. Qui rem omnis quaerat et et quaerat. Et fugit aut delectus occaecati vel consequatur enim est.', 5, '2018-03-05 00:42:08', '2018-03-05 00:42:08'),
(146, 39, 'Lurline Flatley', 'Aut eum tempore voluptas ducimus eveniet sed voluptas. Mollitia repellendus autem quo in est quidem nihil. Vitae molestiae ipsa id est aut quod maxime. Qui unde ipsum et sit aut beatae architecto.', 4, '2018-03-05 00:42:08', '2018-03-05 00:42:08'),
(147, 14, 'Dr. Nayeli Greenholt', 'Qui eaque consequatur voluptas ea. Sit at libero dolores qui. Accusamus ullam officiis voluptatem quia porro nesciunt perferendis sed. Eveniet occaecati modi est earum commodi rerum.', 3, '2018-03-05 00:42:08', '2018-03-05 00:42:08'),
(148, 39, 'Melvin Mohr', 'Nulla quis voluptas eum aut voluptatum id nihil. Minus in consectetur suscipit nobis. Iusto autem rerum est consectetur sapiente soluta.', 4, '2018-03-05 00:42:08', '2018-03-05 00:42:08'),
(149, 48, 'Rupert Stroman', 'Et blanditiis dolor omnis ipsa non consequatur rerum distinctio. Autem optio neque tenetur. Eaque ipsum vero dolores enim suscipit dolorem assumenda.', 1, '2018-03-05 00:42:08', '2018-03-05 00:42:08'),
(150, 2, 'Onie Abernathy II', 'In ad et delectus quam dolor. Quisquam iste culpa temporibus iure voluptatem officia minus hic. Aut architecto a deleniti quidem quae sed.', 0, '2018-03-05 00:42:08', '2018-03-05 00:42:08'),
(151, 34, 'Bonita Schamberger', 'Temporibus corporis accusamus adipisci distinctio a eum dolor. Assumenda suscipit eaque ea totam libero saepe magni. Dolor facilis quasi sequi qui. Qui et quis voluptatem illo.', 2, '2018-03-05 00:42:09', '2018-03-05 00:42:09'),
(152, 49, 'Bonita Sawayn', 'Ipsam nam modi cumque id eum. Ratione sed quisquam voluptatem non eligendi. Qui ipsa deleniti perspiciatis recusandae. Quae velit mollitia explicabo qui ut.', 4, '2018-03-05 00:42:09', '2018-03-05 00:42:09'),
(153, 24, 'Lilly Miller I', 'Laborum pariatur aut explicabo deleniti vel reiciendis deserunt. Praesentium ut blanditiis asperiores similique itaque cum nulla. Ut natus quisquam laborum.', 4, '2018-03-05 00:42:09', '2018-03-05 00:42:09'),
(154, 30, 'Dr. Geo Carter', 'Itaque et consequuntur omnis aliquid nam. Nam inventore molestias iste omnis voluptates. Magnam et quaerat saepe est voluptatem vel. Voluptatum expedita delectus eaque eos placeat harum quidem.', 4, '2018-03-05 00:42:09', '2018-03-05 00:42:09'),
(155, 42, 'Chet O\'Keefe', 'Fugiat quas dignissimos explicabo amet dolores blanditiis dolor. Voluptas dolor suscipit aperiam pariatur porro pariatur. Tenetur omnis quia debitis veritatis quos quia. Nam ut quibusdam modi quo eos.', 3, '2018-03-05 00:42:09', '2018-03-05 00:42:09'),
(156, 33, 'Amos Hilpert Sr.', 'Aut molestias ut voluptatem nobis. Dolorem est voluptate nam est enim. Velit a dolorem sunt quia et iste fugit. Voluptates ex asperiores blanditiis commodi. Molestiae rerum fugit occaecati et labore.', 4, '2018-03-05 00:42:09', '2018-03-05 00:42:09'),
(157, 20, 'Celestine West III', 'Non aspernatur quos sit suscipit voluptates. Fuga recusandae animi iusto nemo. Fugiat assumenda possimus qui ad eos laboriosam odit. Provident nulla laborum est nam iste inventore.', 1, '2018-03-05 00:42:09', '2018-03-05 00:42:09'),
(158, 6, 'Bernard O\'Kon', 'Ullam aut non nostrum fuga dolores enim eaque aut. Laborum ut dignissimos fugit eum autem est ex. Numquam provident pariatur nihil cupiditate fugiat. Explicabo sit sit ducimus esse autem at quidem quaerat. Nostrum labore qui ut.', 2, '2018-03-05 00:42:09', '2018-03-05 00:42:09'),
(159, 48, 'Georgianna Hodkiewicz', 'Et quae suscipit consequuntur perspiciatis voluptas ut. Non omnis dolores odit itaque ratione et temporibus. Cumque nihil illo ex nemo qui eaque id dolor. Velit ipsum ipsum sint debitis repellendus blanditiis dolor.', 4, '2018-03-05 00:42:09', '2018-03-05 00:42:09'),
(160, 50, 'Rose Torphy', 'Nemo deserunt id et quasi. Est ipsam ab voluptatem natus reprehenderit explicabo voluptatem qui. Quam at voluptatem dolorum atque. Et fuga delectus quidem. Porro qui incidunt quia quasi enim animi delectus.', 3, '2018-03-05 00:42:09', '2018-03-05 00:42:09'),
(161, 19, 'Vance Nienow', 'Sed sint nobis non voluptas dolores voluptate suscipit. Totam veritatis cupiditate voluptatem aut ut quas recusandae. Iusto est pariatur qui sit qui eaque. Eaque eum quo eaque in voluptatem aut soluta nesciunt.', 2, '2018-03-05 00:42:09', '2018-03-05 00:42:09'),
(162, 4, 'Prof. Adella Conroy DDS', 'Non aut ex pariatur sed consequatur cupiditate. Nemo aliquam omnis et cupiditate. Adipisci dignissimos quia consequuntur ut fuga tempore ab ipsum.', 2, '2018-03-05 00:42:09', '2018-03-05 00:42:09'),
(163, 27, 'Jacques Mayer', 'Aspernatur provident doloribus officia odio reprehenderit dolorem a perferendis. Eum aut harum sit rerum nulla nulla est. Id nulla culpa et vel in est cupiditate enim. Ea non omnis facilis est velit voluptatem voluptatem.', 1, '2018-03-05 00:42:09', '2018-03-05 00:42:09'),
(164, 43, 'Dr. Reid Lockman MD', 'Qui in ea quasi veritatis quo non. Qui facere quos id. Necessitatibus aliquam enim delectus vel minima. Eos error odit nihil eos consectetur sequi.', 4, '2018-03-05 00:42:09', '2018-03-05 00:42:09'),
(165, 12, 'Mrs. Rosalee Breitenberg PhD', 'Aspernatur quo facilis culpa ex qui itaque. Architecto quia voluptatibus omnis error optio quia. Eaque distinctio iusto voluptatum recusandae qui. Consequatur dolor assumenda fugit tempora dicta non harum.', 2, '2018-03-05 00:42:09', '2018-03-05 00:42:09'),
(166, 5, 'Waino Dach', 'Et adipisci et omnis perspiciatis cumque repudiandae. Impedit consequatur dolores et qui perferendis sunt. Sequi cumque culpa dolorum rerum non.', 2, '2018-03-05 00:42:09', '2018-03-05 00:42:09'),
(167, 49, 'Frieda Marvin', 'Vitae assumenda in exercitationem sequi consequuntur. Qui aut accusamus minus laborum. Qui consequuntur provident est voluptatem libero. Debitis ipsam qui tenetur et.', 4, '2018-03-05 00:42:09', '2018-03-05 00:42:09'),
(168, 44, 'Jeanie Grady', 'Velit dolore debitis laudantium at ut eum. Ipsam voluptatem quibusdam voluptatum et qui. Voluptas doloremque in qui.', 0, '2018-03-05 00:42:10', '2018-03-05 00:42:10'),
(169, 41, 'Sunny Kuhic', 'Quam soluta explicabo sit magnam. Dicta voluptatem aliquid ipsa rerum corrupti qui. Laudantium aut praesentium ab odio vitae nam mollitia fugit.', 5, '2018-03-05 00:42:10', '2018-03-05 00:42:10'),
(170, 2, 'Miss Kaycee Fahey', 'Ipsa aut adipisci minus et odit explicabo suscipit. Neque at quas ullam explicabo sint autem. Aliquam doloribus dolorem consequuntur numquam. Quis ullam libero dolorem voluptatem. Dicta et sunt nulla consequuntur ipsam.', 0, '2018-03-05 00:42:10', '2018-03-05 00:42:10'),
(171, 35, 'Prof. Jo Yost', 'Et ut rerum velit id omnis. Iure quasi voluptas est doloremque. Dolores quidem sunt ut nostrum labore. Consequatur praesentium blanditiis temporibus cum voluptatum voluptas. Error fuga quo inventore fugit omnis quisquam.', 1, '2018-03-05 00:42:10', '2018-03-05 00:42:10'),
(172, 35, 'Leann Abernathy II', 'Ab quod voluptate impedit vitae consectetur est doloremque repellendus. Similique porro sapiente rerum omnis hic iure dolor deleniti. Officia velit vel enim iure aliquam consequatur iure.', 0, '2018-03-05 00:42:10', '2018-03-05 00:42:10'),
(173, 14, 'Rowena Zboncak', 'Et id veritatis tempore omnis velit illum. Voluptatibus culpa non atque laudantium rerum.', 3, '2018-03-05 00:42:10', '2018-03-05 00:42:10'),
(174, 24, 'Letha Harris DVM', 'Velit esse vel aperiam vel dicta nihil itaque. Consequatur accusantium quam est nisi distinctio nulla. Consectetur sed excepturi facere porro dolorem eos commodi.', 0, '2018-03-05 00:42:10', '2018-03-05 00:42:10'),
(175, 3, 'Abelardo Goyette', 'Temporibus perferendis et quidem ut ut iste magnam. Cupiditate dicta nulla eos quibusdam atque commodi et. Eum et sapiente quod dolor. Sequi fuga odit enim non praesentium itaque perspiciatis.', 5, '2018-03-05 00:42:10', '2018-03-05 00:42:10'),
(176, 6, 'Rosetta Oberbrunner', 'Rerum ut quis quos ipsa architecto. Facere rerum inventore magni ut ad. Doloremque et qui ut vitae consectetur delectus. Sapiente est qui sapiente quia ut.', 0, '2018-03-05 00:42:10', '2018-03-05 00:42:10'),
(177, 32, 'Dr. Mazie Lynch IV', 'Similique et unde enim enim incidunt aut. Est expedita assumenda id dolorem. Omnis architecto ducimus illum perferendis. Fugiat quia sapiente iusto velit eos.', 0, '2018-03-05 00:42:10', '2018-03-05 00:42:10'),
(178, 32, 'Una Cummings', 'Est et est facilis animi. Et ut est sit sunt omnis rerum et. Est a praesentium iste et.', 5, '2018-03-05 00:42:11', '2018-03-05 00:42:11'),
(179, 40, 'Ray Turcotte DDS', 'Aut laboriosam minus dolores incidunt omnis sed. Animi ut suscipit qui omnis ipsum porro. Culpa tempore ut id similique tempora quam ullam.', 5, '2018-03-05 00:42:11', '2018-03-05 00:42:11'),
(180, 15, 'Dr. Simone Graham', 'Odit pariatur aut perferendis voluptatem ullam eius perferendis rerum. Aut ullam officia eos delectus nesciunt iste qui ut. Et totam et id est.', 2, '2018-03-05 00:42:11', '2018-03-05 00:42:11'),
(181, 29, 'Ms. Leda Muller', 'Vero minus dolor quae dolorem asperiores consequatur. Necessitatibus vero sunt incidunt maiores architecto optio. Dolorem debitis ratione repellendus sed.', 1, '2018-03-05 00:42:11', '2018-03-05 00:42:11'),
(182, 50, 'Rudy Quitzon', 'Non eaque aut placeat voluptas sint. Exercitationem et aut velit voluptatem magni qui modi porro. Deleniti voluptas perferendis pariatur laborum dolorem consectetur officiis. Modi aut nam ipsam quo vel possimus ut eligendi.', 0, '2018-03-05 00:42:11', '2018-03-05 00:42:11'),
(183, 33, 'Mylene Mayert', 'Non eligendi enim sit culpa ex dolor atque. Et reiciendis nihil sunt omnis. Qui qui dolore officiis ut consequatur. Vero iusto inventore minima repellat repellat voluptas et.', 3, '2018-03-05 00:42:11', '2018-03-05 00:42:11'),
(184, 6, 'Rachel Luettgen IV', 'Id rerum quis minus explicabo. Et qui aut dignissimos voluptatem totam. Eius quia et cupiditate magni. Magnam tempore odit sunt porro fugiat et.', 2, '2018-03-05 00:42:11', '2018-03-05 00:42:11'),
(185, 23, 'Rowena Metz', 'Blanditiis qui rerum voluptas cum voluptatibus recusandae et. Tempore libero adipisci vel cum sed ut id. Necessitatibus et commodi esse doloremque est sunt. Dicta vitae error perferendis et aut. Dolore magnam optio ea doloremque consequuntur et mollitia aut.', 0, '2018-03-05 00:42:11', '2018-03-05 00:42:11'),
(186, 35, 'Prof. Clair Leffler', 'Veniam qui vel tenetur repellendus ea iusto excepturi. Cupiditate sequi aut est temporibus ex. Vel incidunt sed velit in. Ex eos voluptas optio praesentium eveniet.', 0, '2018-03-05 00:42:11', '2018-03-05 00:42:11'),
(187, 9, 'Phyllis Vandervort', 'Ex est ut occaecati nobis consectetur blanditiis nesciunt. Cum corporis provident perferendis quo blanditiis et beatae. Dolor molestiae velit quidem esse non eaque molestias.', 3, '2018-03-05 00:42:11', '2018-03-05 00:42:11'),
(188, 33, 'Andy Lemke', 'Earum quas ad magnam rem sint velit porro. Praesentium facere consequatur et iusto officiis mollitia minima. Reiciendis eum vel sit ut.', 4, '2018-03-05 00:42:11', '2018-03-05 00:42:11'),
(189, 38, 'Dr. Lolita Goyette', 'Molestiae reprehenderit suscipit est. Culpa facilis sunt id voluptatem. Consequatur a occaecati quia.', 1, '2018-03-05 00:42:11', '2018-03-05 00:42:11'),
(190, 36, 'Prof. Dasia Will DVM', 'Soluta qui possimus modi dolorum ea. Unde ea et dolores eligendi. Dolor et qui ullam aut. Sit est iure ipsa fugiat quisquam illo officia neque.', 2, '2018-03-05 00:42:11', '2018-03-05 00:42:11'),
(191, 14, 'Mrs. Alexandrine Bailey Sr.', 'Voluptatem repellendus rerum soluta iure et praesentium. Dolorem repellat architecto rerum rerum. Quae nam velit fugiat voluptatem minus. Autem iste aut quis quo cumque a.', 4, '2018-03-05 00:42:11', '2018-03-05 00:42:11'),
(192, 2, 'Bonnie Jakubowski Jr.', 'Mollitia et magnam facere magni qui fuga. Et quis asperiores enim sunt rerum ipsa. Quia vitae explicabo id est voluptate neque iure. Maxime repudiandae est voluptatem animi.', 4, '2018-03-05 00:42:12', '2018-03-05 00:42:12'),
(193, 46, 'Amina Will', 'Rem dolore eligendi voluptas odit ab voluptas. A et exercitationem accusantium expedita molestiae. Iusto deserunt cumque voluptatem non aperiam totam atque. Delectus consequatur dignissimos cum quia.', 4, '2018-03-05 00:42:12', '2018-03-05 00:42:12'),
(194, 10, 'Dr. Macie Kutch', 'Dignissimos ex accusamus ad aliquid. Cupiditate quo ut corrupti. Quos veniam repudiandae debitis consequatur nam rerum ullam.', 4, '2018-03-05 00:42:12', '2018-03-05 00:42:12'),
(195, 34, 'Neil Moen', 'Iure officiis molestias nihil eligendi saepe. Rem cum omnis ea vero suscipit perferendis. Architecto libero quis id error.', 1, '2018-03-05 00:42:12', '2018-03-05 00:42:12'),
(196, 13, 'Carlotta Goodwin Jr.', 'Provident fuga sint dolore beatae corrupti. Ad assumenda ut provident et. Aut aut ad nesciunt laudantium aut quo et.', 2, '2018-03-05 00:42:12', '2018-03-05 00:42:12'),
(197, 21, 'Tania Gleason', 'Vel ipsam voluptatem dicta earum ea enim quaerat deleniti. Ipsa pariatur id ut officiis in optio. Quidem rerum sit et non. Magnam eligendi qui recusandae nostrum ducimus.', 2, '2018-03-05 00:42:12', '2018-03-05 00:42:12'),
(198, 35, 'Mr. Willy Durgan', 'Sunt iste saepe deleniti non ut alias. Commodi voluptas deleniti est omnis non quae dolor. Enim doloribus vel molestiae.', 4, '2018-03-05 00:42:12', '2018-03-05 00:42:12'),
(199, 43, 'Aubrey Pacocha', 'Ipsam atque consequatur necessitatibus numquam dolores sit. Delectus quia culpa consectetur distinctio. Minima molestias rem et eos quia.', 4, '2018-03-05 00:42:12', '2018-03-05 00:42:12'),
(200, 18, 'Gregg Stehr', 'Ab officiis voluptatibus ipsum excepturi. Reiciendis ut cumque nam non ut nulla. Minus sed sint iste sit quod doloribus. Quo aperiam veniam reiciendis impedit sapiente.', 0, '2018-03-05 00:42:12', '2018-03-05 00:42:12'),
(201, 18, 'Freddie Adams IV', 'Suscipit aut facere ab. Magni dolore omnis et qui rerum reprehenderit iste. Saepe et aspernatur dicta quos architecto cumque. Et quasi aut et error officia incidunt nihil in. Facilis voluptatem mollitia enim.', 0, '2018-03-05 00:42:12', '2018-03-05 00:42:12'),
(202, 22, 'Mr. Aron Hackett', 'Ipsam cumque ut ab rerum. Dolores rerum repellendus quasi. Ducimus quaerat dolorum minus sit et voluptatem dolorum.', 3, '2018-03-05 00:42:12', '2018-03-05 00:42:12'),
(203, 26, 'Taurean Schoen', 'Deserunt possimus quia eum aut fugiat nisi qui voluptatum. Et nobis consequatur adipisci rem quam. Minima ad corporis rerum deleniti quam soluta qui quo.', 3, '2018-03-05 00:42:12', '2018-03-05 00:42:12'),
(204, 6, 'Mrs. Whitney Kuhic', 'Labore eaque in et a pariatur. A aut distinctio quasi velit fugit. Veritatis accusantium deleniti ab libero aut quo.', 3, '2018-03-05 00:42:12', '2018-03-05 00:42:12'),
(205, 3, 'Abby Reilly', 'Molestias quisquam et magni quidem rem commodi. Soluta doloremque facere nihil voluptatem. Reiciendis qui asperiores aut corrupti officia rem perspiciatis. Voluptatum nemo mollitia dolorem aperiam.', 5, '2018-03-05 00:42:13', '2018-03-05 00:42:13'),
(206, 4, 'Alexane Gulgowski', 'Dolor at exercitationem non quis iure nulla odio. Officiis quos ea quia ipsam aut aperiam excepturi. Sit voluptates rerum aliquid facere provident. Placeat alias a qui dolore et enim eum.', 3, '2018-03-05 00:42:13', '2018-03-05 00:42:13');
INSERT INTO `reviews` (`id`, `product_id`, `customer`, `review`, `star`, `created_at`, `updated_at`) VALUES
(207, 16, 'Zella Keebler', 'Autem deserunt nulla mollitia et cumque iste. Earum consequatur ut debitis libero. In aut est beatae voluptatem id. Libero accusantium aut nihil ut rerum.', 0, '2018-03-05 00:42:13', '2018-03-05 00:42:13'),
(208, 32, 'Delphine Parisian', 'Accusamus explicabo eius et repellendus cumque. Officia maiores tenetur beatae reprehenderit. Aut quisquam rem earum sed totam eveniet repellat officia. Autem sed neque quaerat omnis.', 4, '2018-03-05 00:42:13', '2018-03-05 00:42:13'),
(209, 45, 'Dr. Alison Dare DVM', 'Exercitationem voluptas maxime amet qui temporibus. Aut et est iste aut cupiditate sit nesciunt et. Totam voluptatum eos suscipit eius qui eos qui.', 0, '2018-03-05 00:42:13', '2018-03-05 00:42:13'),
(210, 15, 'Zoila Langosh', 'Sed enim ipsam quod. Officia id tenetur consectetur voluptas. Dolorem veniam amet qui. Veritatis nam quos suscipit est consectetur veritatis.', 1, '2018-03-05 00:42:13', '2018-03-05 00:42:13'),
(211, 37, 'Jerrod Robel', 'Dolor consequatur impedit repellendus odio. Ad aperiam aut fuga reiciendis animi et. Doloribus sapiente ducimus ullam dolore incidunt officia.', 2, '2018-03-05 00:42:13', '2018-03-05 00:42:13'),
(212, 44, 'Prof. Greyson Lesch', 'Voluptate velit qui distinctio eos earum quisquam. Voluptatum sint voluptatem vitae minus voluptas. Neque qui quis sint non. Rem aut ipsam molestias ullam delectus.', 2, '2018-03-05 00:42:13', '2018-03-05 00:42:13'),
(213, 38, 'Mr. Deangelo Rempel', 'Consectetur unde voluptates in ab consequatur rerum numquam. Minus sunt ipsa quod. Commodi eos velit commodi et assumenda eum tempore.', 2, '2018-03-05 00:42:13', '2018-03-05 00:42:13'),
(214, 44, 'Kim O\'Kon DVM', 'Ut qui molestiae ex voluptatum qui quos velit. Ipsum qui asperiores amet quos vel velit. Nesciunt rem culpa minima minima voluptas eum.', 4, '2018-03-05 00:42:13', '2018-03-05 00:42:13'),
(215, 47, 'Lyla Buckridge', 'Fugit incidunt molestiae et doloremque. Fuga eum illo possimus qui velit quisquam. Placeat sed dolore assumenda aliquam perspiciatis magni ut.', 4, '2018-03-05 00:42:13', '2018-03-05 00:42:13'),
(216, 4, 'Noelia Larkin', 'Tempore deserunt dolorem illum earum aut. Quaerat fugit ea commodi ut. In qui assumenda voluptatem explicabo in sequi.', 1, '2018-03-05 00:42:13', '2018-03-05 00:42:13'),
(217, 22, 'Sydnie Zulauf', 'Officiis repellendus nesciunt reiciendis. Praesentium sit ea culpa distinctio. Ut explicabo repudiandae assumenda id. Exercitationem optio aliquam deserunt et tempora.', 0, '2018-03-05 00:42:13', '2018-03-05 00:42:13'),
(218, 46, 'Dr. Toy Douglas', 'Repellendus aut molestias sit maiores corporis. Omnis earum est ipsum ut harum laborum omnis. Velit esse sed omnis debitis similique iusto.', 0, '2018-03-05 00:42:13', '2018-03-05 00:42:13'),
(219, 42, 'Terrence Littel', 'Eveniet et sit laudantium voluptates tempore neque hic. Est non in eos beatae sunt. Voluptatem aut eos fugit consequatur. Ad ut et aperiam eligendi dolore nihil qui.', 5, '2018-03-05 00:42:13', '2018-03-05 00:42:13'),
(220, 3, 'Blaise Heathcote', 'Dolore esse error illum et ducimus. Facere dolore aut rerum consequatur. Alias voluptatem eligendi officiis facilis et tenetur voluptate.', 4, '2018-03-05 00:42:14', '2018-03-05 00:42:14'),
(221, 14, 'Alva Witting', 'Ratione blanditiis quisquam ipsum nobis itaque quia beatae voluptatem. Debitis animi vero suscipit eveniet.', 4, '2018-03-05 00:42:14', '2018-03-05 00:42:14'),
(222, 10, 'Marie Schuster', 'Repellat odio non consequatur porro voluptates facilis et. Et hic rerum doloremque aliquam. Adipisci voluptatum sunt velit ut hic nesciunt aut.', 3, '2018-03-05 00:42:14', '2018-03-05 00:42:14'),
(223, 47, 'Mrs. Karli Schaefer PhD', 'Tempore vel eum quod modi soluta impedit. Beatae doloribus at aliquam aliquam dolore commodi voluptas. Asperiores qui dolor dignissimos est quidem architecto. Excepturi voluptatem inventore voluptates qui qui non laudantium.', 2, '2018-03-05 00:42:14', '2018-03-05 00:42:14'),
(224, 35, 'Lempi O\'Keefe', 'Temporibus necessitatibus cum quis est eos est adipisci et. Rem perspiciatis provident quia exercitationem aut reprehenderit aut quae. Quibusdam voluptate voluptates et nulla corrupti dolores.', 4, '2018-03-05 00:42:14', '2018-03-05 00:42:14'),
(225, 7, 'Florida Schiller', 'Ab sed laborum voluptate veritatis et ea. Aperiam quam quos sequi deleniti temporibus eius minima ducimus. Voluptatem nisi ipsum expedita doloremque. Debitis odio illum ea cum ratione nam.', 5, '2018-03-05 00:42:14', '2018-03-05 00:42:14'),
(226, 28, 'Kendall Bernhard', 'Velit officia sit qui laudantium et. Ea ut consequatur optio et. Qui repellendus ipsam dolor ab maxime ea officiis. Culpa possimus numquam laudantium voluptatem officiis accusamus.', 4, '2018-03-05 00:42:14', '2018-03-05 00:42:14'),
(227, 36, 'Colton Bogan', 'Et enim modi non nobis provident exercitationem similique. Odio quibusdam asperiores earum minus eos amet. Hic atque tempora molestias explicabo sunt rerum iste. Dolor voluptatem autem magni maiores dolores quis quod.', 4, '2018-03-05 00:42:14', '2018-03-05 00:42:14'),
(228, 50, 'Wilmer Koss', 'Debitis et modi eos et voluptas dicta. Voluptas velit officia quia amet aut expedita voluptatem eligendi. Cumque aut velit incidunt fugit.', 1, '2018-03-05 00:42:14', '2018-03-05 00:42:14'),
(229, 49, 'Emmett Torphy', 'Reiciendis quam eos et officia. Quia qui aut tempora alias. Quisquam itaque unde aut ex labore praesentium. Qui iusto deleniti enim voluptatum harum laboriosam expedita.', 5, '2018-03-05 00:42:14', '2018-03-05 00:42:14'),
(230, 34, 'Lonie Kihn DDS', 'Nisi sunt dicta deleniti. Consequatur eveniet illo dolore non veritatis. Aut illo praesentium provident delectus sint et.', 0, '2018-03-05 00:42:14', '2018-03-05 00:42:14'),
(231, 24, 'Prof. Ryleigh Schimmel', 'Id ratione dolor voluptas consequuntur. Dolore ipsum numquam vel repellat. Aspernatur quae in error porro exercitationem. Ab asperiores velit mollitia.', 3, '2018-03-05 00:42:14', '2018-03-05 00:42:14'),
(232, 15, 'Lelah Denesik', 'A ut aut voluptatem commodi itaque voluptas dicta. Architecto velit saepe tempora qui est. Cupiditate maiores harum quod pariatur temporibus. Sunt et aliquid quaerat in vitae qui aliquam ut.', 0, '2018-03-05 00:42:15', '2018-03-05 00:42:15'),
(233, 1, 'Marcella Wisoky', 'Dignissimos eos itaque modi voluptas autem. Quo est ut rerum. Aspernatur ea voluptas beatae nostrum nihil omnis qui. Qui eos expedita dolorem et ut nihil dolores dolor.', 1, '2018-03-05 00:42:15', '2018-03-05 00:42:15'),
(234, 26, 'Florine Larkin DVM', 'Corrupti natus ad et consequatur quas eveniet accusantium dolorem. Impedit et voluptatem voluptas ullam.', 2, '2018-03-05 00:42:15', '2018-03-05 00:42:15'),
(235, 15, 'Megane Carter', 'Magni occaecati voluptas optio. Eligendi repudiandae iusto nihil et. Similique illo alias unde perspiciatis voluptas rerum dolorem.', 5, '2018-03-05 00:42:15', '2018-03-05 00:42:15'),
(236, 20, 'Jerrod McClure', 'Distinctio incidunt architecto itaque unde. Deleniti aut ipsa id id. In consequatur pariatur dolor dolorem est in veritatis similique. Ducimus minus dolore et cum temporibus eos.', 4, '2018-03-05 00:42:15', '2018-03-05 00:42:15'),
(237, 45, 'Dr. Misael Schmeler I', 'Laboriosam sunt corporis eum animi nesciunt. Commodi nihil quisquam animi nisi voluptates ex ipsam. Autem voluptatibus natus consequatur. Necessitatibus ut officiis laboriosam quo.', 4, '2018-03-05 00:42:15', '2018-03-05 00:42:15'),
(238, 14, 'Roberta Cummings MD', 'Sed aut quidem ut maiores rem non reprehenderit. Qui autem autem quisquam reprehenderit. Mollitia voluptates aut cumque id dignissimos sint soluta.', 2, '2018-03-05 00:42:15', '2018-03-05 00:42:15'),
(239, 1, 'Mrs. Skyla Russel', 'Minus et ex rerum ex odit. Qui nihil autem laudantium dolor. Vitae quae itaque tempora. Consequatur impedit consectetur quidem voluptatem blanditiis molestiae in.', 1, '2018-03-05 00:42:15', '2018-03-05 00:42:15'),
(240, 26, 'Narciso Auer', 'Omnis repellendus et voluptas et doloribus. Molestiae maiores tempore esse blanditiis adipisci laborum velit. Tempora rerum sapiente perspiciatis et nihil sed distinctio. Cumque placeat earum eum enim.', 0, '2018-03-05 00:42:15', '2018-03-05 00:42:15'),
(241, 6, 'Tina Feil', 'Quas quia rerum quasi et sint aliquid ea accusantium. Ratione consequatur ullam a distinctio molestias exercitationem dolorem. Atque commodi occaecati repellat iure architecto dolores consequatur molestias. Natus ut modi necessitatibus numquam ut. Reprehenderit eveniet aperiam in sunt officiis eaque.', 3, '2018-03-05 00:42:15', '2018-03-05 00:42:15'),
(242, 26, 'Breanna Simonis PhD', 'Tempore dolorem voluptatum incidunt ab magni. Quos et aut omnis architecto sequi occaecati sunt tenetur. Delectus qui iste voluptatibus et id.', 1, '2018-03-05 00:42:16', '2018-03-05 00:42:16'),
(243, 44, 'Ms. Ariane Johnston', 'Voluptas necessitatibus tenetur quos neque odio aspernatur enim. Eum fugit deleniti omnis repellendus. Quasi voluptatem alias quisquam quaerat qui est occaecati.', 4, '2018-03-05 00:42:16', '2018-03-05 00:42:16'),
(244, 40, 'Prof. Dexter Morissette', 'Ea possimus mollitia et hic harum aut consequatur. Libero soluta modi ratione et dolores nobis. Corporis nemo a praesentium totam aliquid.', 5, '2018-03-05 00:42:16', '2018-03-05 00:42:16'),
(245, 41, 'Prince Ullrich II', 'Libero debitis tempora tempora pariatur ex et unde. Dignissimos aliquid est nihil. Reiciendis aliquam quia quos sunt assumenda perspiciatis reiciendis. Quidem quae ut blanditiis unde labore quidem rerum. Ut ducimus suscipit qui qui ut et.', 1, '2018-03-05 00:42:16', '2018-03-05 00:42:16'),
(246, 28, 'Alice Ratke', 'Alias iste cum iure cupiditate. Ut commodi eum asperiores quis molestiae aut. Ut voluptatem doloremque dignissimos fuga nam. Error ullam commodi id accusantium nisi quisquam voluptatibus.', 0, '2018-03-05 00:42:16', '2018-03-05 00:42:16'),
(247, 11, 'Francisco Glover', 'Porro tenetur necessitatibus et voluptatem pariatur. Ab eligendi libero omnis soluta a error.', 5, '2018-03-05 00:42:16', '2018-03-05 00:42:16'),
(248, 35, 'Mr. Benton Boyer IV', 'Consequuntur neque commodi voluptates animi velit nisi. Et minus totam provident nihil in eos. Nobis ut optio quisquam omnis eius deserunt non.', 1, '2018-03-05 00:42:16', '2018-03-05 00:42:16'),
(249, 27, 'Jazmyn Steuber', 'Enim doloremque ex totam rem eum exercitationem. Qui debitis quasi omnis corrupti est voluptatum. Velit in repudiandae qui et sit sint quia. Esse veritatis deserunt enim pariatur ea quidem.', 5, '2018-03-05 00:42:16', '2018-03-05 00:42:16'),
(250, 43, 'Mr. Jeremy Morar', 'Deserunt consequatur nemo soluta. Rerum sunt incidunt nisi veritatis molestias. Est animi sapiente quae dolorem alias sint qui illo.', 2, '2018-03-05 00:42:16', '2018-03-05 00:42:16'),
(251, 22, 'Mrs. Esperanza Ernser Sr.', 'Velit non possimus voluptatibus ut dolor doloribus. Quae atque et officia libero perspiciatis. Occaecati tempora sunt et quos voluptatem. Nulla aliquam voluptatem aut consequatur error. Mollitia sint rerum vitae non.', 2, '2018-03-05 00:42:16', '2018-03-05 00:42:16'),
(252, 35, 'Nayeli Hamill', 'Ea incidunt vero quaerat aut a facilis neque. Est non doloremque qui velit quia aut et.', 5, '2018-03-05 00:42:17', '2018-03-05 00:42:17'),
(253, 39, 'Wilfrid Feil', 'Velit laborum velit quia labore architecto enim. Dolor omnis incidunt quidem recusandae ex officiis et omnis. Debitis quasi in officia. Provident ab inventore voluptate numquam totam.', 2, '2018-03-05 00:42:17', '2018-03-05 00:42:17'),
(254, 5, 'Dr. Kris Mueller I', 'Est animi molestiae tempora at et et eius. Quasi saepe omnis impedit aspernatur necessitatibus alias quaerat. Omnis cumque nostrum earum enim at perspiciatis.', 2, '2018-03-05 00:42:17', '2018-03-05 00:42:17'),
(255, 11, 'Jacques Stiedemann', 'Est exercitationem veritatis quo nemo. Voluptatem nam quod iusto sit. Voluptate quia eos aut esse.', 4, '2018-03-05 00:42:17', '2018-03-05 00:42:17'),
(256, 48, 'Destany Lowe', 'Id iure sequi minus consequatur corporis ex hic ullam. Dolores quae accusantium qui aut harum. Nesciunt assumenda minus ipsum dolorum sit repellendus et qui. Consequatur ut dicta autem distinctio quod.', 5, '2018-03-05 00:42:17', '2018-03-05 00:42:17'),
(257, 28, 'Israel Hirthe', 'Ut neque odio nemo mollitia voluptatem. Eum quas nihil mollitia dolor. Reprehenderit quia alias beatae saepe accusamus voluptate. Sunt ducimus consequatur praesentium enim rerum odit dolor asperiores.', 2, '2018-03-05 00:42:17', '2018-03-05 00:42:17'),
(258, 43, 'Meghan Gutmann MD', 'Qui quam tenetur harum natus tenetur vel ut. Consequuntur doloremque voluptas sunt ut at magnam voluptatem.', 5, '2018-03-05 00:42:17', '2018-03-05 00:42:17'),
(259, 17, 'Pete Bruen', 'Velit quia amet sed fugiat ducimus id. Doloremque molestiae deserunt quisquam perspiciatis voluptatem ex. Quo porro autem non quo.', 3, '2018-03-05 00:42:17', '2018-03-05 00:42:17'),
(260, 49, 'Samara Batz I', 'Doloribus iste consequatur officia perspiciatis a. Veritatis tenetur et natus esse molestiae eum natus. Similique commodi distinctio dolorem eaque. Quo numquam non voluptate sit adipisci laudantium.', 0, '2018-03-05 00:42:17', '2018-03-05 00:42:17'),
(261, 8, 'Jarrett Upton', 'Et enim enim molestiae aperiam. Natus eligendi quia natus. Architecto qui qui est pariatur.', 5, '2018-03-05 00:42:17', '2018-03-05 00:42:17'),
(262, 42, 'Arturo Kohler', 'Eius placeat cum consequatur eveniet eius et quidem. Beatae nesciunt quia ea reprehenderit. Repellat animi consequuntur provident voluptatum doloribus dignissimos.', 5, '2018-03-05 00:42:18', '2018-03-05 00:42:18'),
(263, 13, 'Prof. Jarred Dietrich', 'Hic et quia eum molestiae. Asperiores nulla nisi delectus et amet non. Dolores exercitationem corrupti et explicabo. Aut distinctio et ratione illo rerum odio quae.', 0, '2018-03-05 00:42:18', '2018-03-05 00:42:18'),
(264, 38, 'Kirstin Collier', 'Vel fugit consequatur mollitia voluptate labore. Ea ut sed voluptates impedit.', 5, '2018-03-05 00:42:18', '2018-03-05 00:42:18'),
(265, 34, 'Willa Smitham', 'Eligendi et consequatur voluptas dignissimos totam fugit eaque. Debitis voluptas labore est quia ea ratione. Nihil sed illum tempore molestiae et nisi repellendus. Incidunt porro eum corrupti quasi minus distinctio qui.', 4, '2018-03-05 00:42:18', '2018-03-05 00:42:18'),
(266, 43, 'Mr. Riley Bailey', 'Aut voluptas repellat placeat laborum dolor dolorem. Tenetur rem placeat iusto consequatur voluptatem. Nihil recusandae deleniti laborum distinctio consequatur quia consectetur. Aut ut voluptatem vel saepe reprehenderit.', 0, '2018-03-05 00:42:18', '2018-03-05 00:42:18'),
(267, 18, 'Cheyanne Strosin Jr.', 'Consequuntur molestias exercitationem ducimus sit beatae. Architecto error velit eum dolore ut reprehenderit. Atque fugiat maxime fuga repudiandae quam.', 2, '2018-03-05 00:42:18', '2018-03-05 00:42:18'),
(268, 25, 'Prof. Maeve Moen', 'Minus quo et illum in molestias sed. Saepe qui odio est omnis. Est ut est ea. Dolores ea aliquid neque odit consequuntur porro ut ab.', 0, '2018-03-05 00:42:18', '2018-03-05 00:42:18'),
(269, 40, 'Georgianna Williamson', 'Dignissimos voluptatem quae odio libero voluptas perspiciatis. Dolore nesciunt expedita ea cumque explicabo. Et assumenda ut dolorum laboriosam. Mollitia qui quae consectetur dolores illum impedit.', 5, '2018-03-05 00:42:18', '2018-03-05 00:42:18'),
(270, 12, 'Liliana Harvey', 'Eum iste qui omnis voluptatem ut numquam. Enim maiores magnam omnis exercitationem maiores. Reprehenderit voluptatem ipsam consequatur ut laborum pariatur. Occaecati recusandae sed ducimus.', 5, '2018-03-05 00:42:18', '2018-03-05 00:42:18'),
(271, 13, 'Prof. Serenity Schaden PhD', 'Et maxime cum ab repellendus repellat cumque ullam. Aspernatur deleniti atque harum.', 3, '2018-03-05 00:42:18', '2018-03-05 00:42:18'),
(272, 2, 'Jeremy Windler V', 'Omnis et quia voluptatem voluptas autem omnis maxime minima. Ad labore fugiat eaque sed soluta sit totam. Officia hic animi est veritatis.', 4, '2018-03-05 00:42:18', '2018-03-05 00:42:18'),
(273, 9, 'Cecilia Upton', 'Vel aut aut ut sequi aliquid. Sint veniam id ut quibusdam. Reiciendis beatae non animi et eveniet sint blanditiis.', 3, '2018-03-05 00:42:18', '2018-03-05 00:42:18'),
(274, 15, 'Clare Balistreri IV', 'Unde a nam odit quaerat. Sit et similique dolorem ab temporibus optio. Quia hic velit sapiente animi. Est neque aperiam voluptatem corrupti ratione totam ut officiis.', 4, '2018-03-05 00:42:19', '2018-03-05 00:42:19'),
(275, 33, 'Meredith Crooks II', 'Omnis aut sed corporis quibusdam est autem blanditiis ducimus. Debitis temporibus quis velit aut. Ea aut ex tenetur est.', 4, '2018-03-05 00:42:19', '2018-03-05 00:42:19'),
(276, 22, 'Dr. Leonard Bartell PhD', 'Odit provident perspiciatis perspiciatis magnam. Sit et itaque atque aperiam ad unde. Cumque rerum itaque sit expedita beatae ut.', 4, '2018-03-05 00:42:19', '2018-03-05 00:42:19'),
(277, 50, 'Eulalia Weber', 'Temporibus excepturi delectus sunt. Tempore perspiciatis consectetur expedita quo.', 4, '2018-03-05 00:42:19', '2018-03-05 00:42:19'),
(278, 3, 'Dr. Lauretta Goldner', 'Dolores neque sit eius et temporibus repellendus praesentium ad. A consequatur rem aut aliquid. Est aperiam voluptate nisi necessitatibus quis.', 5, '2018-03-05 00:42:19', '2018-03-05 00:42:19'),
(279, 6, 'Evie Gusikowski', 'Sit consequatur molestiae qui harum quis dolore qui nostrum. Eos laboriosam laudantium molestias ut voluptatem. Consequuntur similique sit mollitia non. Sint sint nihil sunt enim.', 1, '2018-03-05 00:42:19', '2018-03-05 00:42:19'),
(280, 20, 'Rosella Streich', 'Inventore id illo debitis. Est laudantium quis occaecati et.', 5, '2018-03-05 00:42:19', '2018-03-05 00:42:19'),
(281, 6, 'Patience Glover', 'Dolorem eius sequi illum dolorem qui et et. Est dolorem illum ut est et ut voluptas. Explicabo velit culpa amet et quia accusamus.', 0, '2018-03-05 00:42:19', '2018-03-05 00:42:19'),
(282, 10, 'Emilio Mueller', 'Et vero magni tempore non. Vero excepturi consequuntur laboriosam in. Ipsum molestias cum officia dolor. Et assumenda veritatis expedita magnam autem modi omnis qui.', 5, '2018-03-05 00:42:19', '2018-03-05 00:42:19'),
(283, 28, 'Nicola Tillman', 'Sapiente nam eaque qui placeat earum adipisci. Voluptas voluptate ad fuga possimus. Nam eos esse sequi minus omnis facilis harum. Est cupiditate velit sint et iure.', 3, '2018-03-05 00:42:19', '2018-03-05 00:42:19'),
(284, 41, 'Silas Ebert', 'Omnis aut voluptatem perspiciatis facere. Dolor doloremque ratione sapiente aut aut. Est laudantium sapiente explicabo consequatur iste quaerat ad.', 4, '2018-03-05 00:42:20', '2018-03-05 00:42:20'),
(285, 23, 'Angelina Haag', 'Consequatur accusantium aperiam quia harum sit. Rem voluptatem expedita aut perferendis quia est. Modi voluptatum sit ex fugiat recusandae non sed.', 5, '2018-03-05 00:42:20', '2018-03-05 00:42:20'),
(286, 36, 'Dr. Andre Kunze Jr.', 'Quo nihil quae quia. Expedita porro quos molestiae quia minima minima nobis. Unde assumenda ex ipsum itaque sunt est omnis.', 4, '2018-03-05 00:42:20', '2018-03-05 00:42:20'),
(287, 37, 'Rozella Kling', 'Commodi ut similique optio consequatur facere. Esse facere provident sequi. Corrupti quam dolor sit labore quia.', 2, '2018-03-05 00:42:20', '2018-03-05 00:42:20'),
(288, 6, 'Ms. Cecelia Bins', 'In ab voluptas nostrum error sapiente quibusdam quidem. Repellat eum voluptas qui quidem et iste eos a. Ducimus placeat provident ab nihil itaque qui in ab.', 0, '2018-03-05 00:42:20', '2018-03-05 00:42:20'),
(289, 6, 'Sedrick Koch', 'Qui quo omnis est tempora quisquam. Repudiandae dolore et at ut illum. Ut voluptatem omnis voluptatem dolor. Eaque fugit itaque eaque numquam aut officiis.', 3, '2018-03-05 00:42:20', '2018-03-05 00:42:20'),
(290, 4, 'Hildegard Conn II', 'Labore ducimus suscipit quas voluptas eos. Sunt animi ad pariatur. Maxime doloremque aut vel vel doloremque. Sunt eaque non ut illum est est enim reprehenderit.', 2, '2018-03-05 00:42:20', '2018-03-05 00:42:20'),
(291, 41, 'Brandt Bergnaum', 'Repellat atque nam exercitationem odit saepe non et. Fugit repudiandae qui voluptates voluptas dolorem cupiditate illo. Voluptatibus similique qui adipisci error nisi nam. Eum nam aspernatur tempora quas ut non odio dolorem.', 3, '2018-03-05 00:42:21', '2018-03-05 00:42:21'),
(292, 5, 'Keanu Veum', 'Facere aspernatur porro excepturi facilis aliquid. Soluta veritatis ut inventore ut voluptatem ab sapiente. Soluta fugit neque suscipit nemo ipsam voluptatem. Voluptate quos possimus necessitatibus in esse omnis.', 0, '2018-03-05 00:42:21', '2018-03-05 00:42:21'),
(293, 25, 'Dr. Ramona Torp PhD', 'Sed sint non natus ducimus temporibus repellat laboriosam consequatur. Sit earum est eligendi ab amet et facere. Assumenda suscipit quo dolor alias. Aspernatur vitae incidunt ut.', 3, '2018-03-05 00:42:21', '2018-03-05 00:42:21'),
(294, 5, 'Jadyn Heathcote', 'Aut nihil deleniti reiciendis sequi repudiandae et ex sit. Et ut quo quis. Et aliquid qui consectetur eaque autem.', 4, '2018-03-05 00:42:21', '2018-03-05 00:42:21'),
(295, 14, 'Elvie Sauer III', 'Sint quas blanditiis laborum placeat voluptatem itaque. Neque sed quaerat mollitia laboriosam ad asperiores pariatur. Iusto qui eum qui adipisci dolores deleniti. Et velit temporibus non hic rem omnis.', 3, '2018-03-05 00:42:21', '2018-03-05 00:42:21'),
(296, 25, 'Yasmin Hilpert', 'Et atque error voluptate porro nam. Sed ducimus ea ea omnis commodi deleniti beatae accusantium. Ducimus sapiente voluptates eum rerum minima suscipit dolor. Deserunt nulla ipsa commodi aut.', 3, '2018-03-05 00:42:21', '2018-03-05 00:42:21'),
(297, 38, 'Prof. Lemuel Conn II', 'Quis quam impedit non culpa. Aut qui rerum accusamus laborum eveniet ea. Esse quis eaque dolor harum. Sapiente nulla sed magni laudantium corrupti quo ipsum dolores.', 5, '2018-03-05 00:42:21', '2018-03-05 00:42:21'),
(298, 31, 'Dr. Velva Hagenes', 'Voluptatem mollitia et totam quasi rerum error. Minima atque odit qui similique fuga. Aliquid culpa corporis quo reprehenderit illo.', 5, '2018-03-05 00:42:21', '2018-03-05 00:42:21'),
(299, 44, 'Quinn Prohaska', 'Assumenda non sit sit doloremque tempora. Sapiente ut doloribus ducimus qui dicta. Dolor vel distinctio earum asperiores possimus rerum. Amet dignissimos accusamus aut.', 5, '2018-03-05 00:42:21', '2018-03-05 00:42:21'),
(300, 11, 'Roman Lakin', 'Error facilis et ea ut repellat quod modi. Quia expedita quia quidem officia magni. Sit consectetur magni iure magni mollitia culpa quasi. Aut ad laudantium deserunt et similique deleniti. Error esse temporibus voluptates animi ipsum quaerat id.', 3, '2018-03-05 00:42:21', '2018-03-05 00:42:21');

-- --------------------------------------------------------

--
-- Table structure for table `users`
--

CREATE TABLE `users` (
  `id` int(10) UNSIGNED NOT NULL,
  `name` varchar(64) COLLATE utf8mb4_unicode_ci NOT NULL,
  `email` varchar(128) COLLATE utf8mb4_unicode_ci NOT NULL,
  `password` varchar(32) COLLATE utf8mb4_unicode_ci NOT NULL,
  `remember_token` varchar(100) COLLATE utf8mb4_unicode_ci DEFAULT NULL,
  `created_at` timestamp NULL DEFAULT NULL,
  `updated_at` timestamp NULL DEFAULT NULL
) ENGINE=InnoDB DEFAULT CHARSET=utf8mb4 COLLATE=utf8mb4_unicode_ci;

--
-- Indexes for dumped tables
--

--
-- Indexes for table `migrations`
--
ALTER TABLE `migrations`
  ADD PRIMARY KEY (`id`);

--
-- Indexes for table `password_resets`
--
ALTER TABLE `password_resets`
  ADD KEY `password_resets_email_index` (`email`);

--
-- Indexes for table `products`
--
ALTER TABLE `products`
  ADD PRIMARY KEY (`id`);

--
-- Indexes for table `reviews`
--
ALTER TABLE `reviews`
  ADD PRIMARY KEY (`id`),
  ADD KEY `reviews_product_id_index` (`product_id`);

--
-- Indexes for table `users`
--
ALTER TABLE `users`
  ADD PRIMARY KEY (`id`),
  ADD UNIQUE KEY `users_email_unique` (`email`);

--
-- AUTO_INCREMENT for dumped tables
--

--
-- AUTO_INCREMENT for table `migrations`
--
ALTER TABLE `migrations`
  MODIFY `id` int(10) UNSIGNED NOT NULL AUTO_INCREMENT, AUTO_INCREMENT=5;
--
-- AUTO_INCREMENT for table `products`
--
ALTER TABLE `products`
  MODIFY `id` int(10) UNSIGNED NOT NULL AUTO_INCREMENT, AUTO_INCREMENT=51;
--
-- AUTO_INCREMENT for table `reviews`
--
ALTER TABLE `reviews`
  MODIFY `id` int(10) UNSIGNED NOT NULL AUTO_INCREMENT, AUTO_INCREMENT=301;
--
-- AUTO_INCREMENT for table `users`
--
ALTER TABLE `users`
  MODIFY `id` int(10) UNSIGNED NOT NULL AUTO_INCREMENT;
--
-- Constraints for dumped tables
--

--
-- Constraints for table `reviews`
--
ALTER TABLE `reviews`
  ADD CONSTRAINT `reviews_product_id_foreign` FOREIGN KEY (`product_id`) REFERENCES `products` (`id`) ON DELETE CASCADE;
COMMIT;

/*!40101 SET CHARACTER_SET_CLIENT=@OLD_CHARACTER_SET_CLIENT */;
/*!40101 SET CHARACTER_SET_RESULTS=@OLD_CHARACTER_SET_RESULTS */;
/*!40101 SET COLLATION_CONNECTION=@OLD_COLLATION_CONNECTION */;
